[03-Sep-2024 04:04:21 Europe/Berlin] Array
(
    [1_HojaVidaFuncionPublica] => Array
        (
            [name] => U.FT.12.011.020_Informe_de_ejecucion_de_actividades_orden_contractual.docx.pdf
            [full_path] => U.FT.12.011.020_Informe_de_ejecucion_de_actividades_orden_contractual.docx.pdf
            [type] => application/pdf
            [tmp_name] => C:\xampp\tmp\php2EA2.tmp
            [error] => 0
            [size] => 99660
        )

    [1_DeclaracionJuramentadaLey4de1992] => Array
        (
            [name] => U.FT.12.011.020_Informe_de_ejecucion_de_actividades_orden_contractual.docx.pdf
            [full_path] => U.FT.12.011.020_Informe_de_ejecucion_de_actividades_orden_contractual.docx.pdf
            [type] => application/pdf
            [tmp_name] => C:\xampp\tmp\php2EA3.tmp
            [error] => 0
            [size] => 99660
        )

    [1_VerificacionInhabilidadDelitoSexual] => Array
        (
            [name] => U.FT.12.011.020_Informe_de_ejecucion_de_actividades_orden_contractual.docx.pdf
            [full_path] => U.FT.12.011.020_Informe_de_ejecucion_de_actividades_orden_contractual.docx.pdf
            [type] => application/pdf
            [tmp_name] => C:\xampp\tmp\php2EA4.tmp
            [error] => 0
            [size] => 99660
        )

    [1_AutorizacionNotificacionCorreoElec] => Array
        (
            [name] => U.FT.12.011.020_Informe_de_ejecucion_de_actividades_orden_contractual.docx.pdf
            [full_path] => U.FT.12.011.020_Informe_de_ejecucion_de_actividades_orden_contractual.docx.pdf
            [type] => application/pdf
            [tmp_name] => C:\xampp\tmp\php2EB4.tmp
            [error] => 0
            [size] => 99660
        )

    [1_CompromisoInstitucionalVinculacion] => Array
        (
            [name] => U.FT.12.011.020_Informe_de_ejecucion_de_actividades_orden_contractual.docx.pdf
            [full_path] => U.FT.12.011.020_Informe_de_ejecucion_de_actividades_orden_contractual.docx.pdf
            [type] => application/pdf
            [tmp_name] => C:\xampp\tmp\php2EB5.tmp
            [error] => 0
            [size] => 99660
        )

    [1_AutorizacionTratamientoDatPer] => Array
        (
            [name] => U.FT.12.011.020_Informe_de_ejecucion_de_actividades_orden_contractual.docx.pdf
            [full_path] => U.FT.12.011.020_Informe_de_ejecucion_de_actividades_orden_contractual.docx.pdf
            [type] => application/pdf
            [tmp_name] => C:\xampp\tmp\php2EB6.tmp
            [error] => 0
            [size] => 99660
        )

    [1_VisaExtranjeria] => Array
        (
            [name] => 
            [full_path] => 
            [type] => 
            [tmp_name] => 
            [error] => 4
            [size] => 0
        )

    [1_FotocopiaLibretaMilitar] => Array
        (
            [name] => 
            [full_path] => 
            [type] => 
            [tmp_name] => 
            [error] => 4
            [size] => 0
        )

    [1_TarjetaProfesional] => Array
        (
            [name] => 
            [full_path] => 
            [type] => 
            [tmp_name] => 
            [error] => 4
            [size] => 0
        )

    [1_MatriculaProfesional] => Array
        (
            [name] => 
            [full_path] => 
            [type] => 
            [tmp_name] => 
            [error] => 4
            [size] => 0
        )

    [1_AvalSST] => Array
        (
            [name] => U-FT-12.010.069_Certificacion_determinacion_cedular_Rentas_de_Trabajo2.01__1_ (2).xlsx - Certificación Mensual SS (1).pdf
            [full_path] => U-FT-12.010.069_Certificacion_determinacion_cedular_Rentas_de_Trabajo2.01__1_ (2).xlsx - Certificación Mensual SS (1).pdf
            [type] => application/pdf
            [tmp_name] => C:\xampp\tmp\php2EB7.tmp
            [error] => 0
            [size] => 168664
        )

    [1_certificadoCursandoPosgrado] => Array
        (
            [name] => 
            [full_path] => 
            [type] => 
            [tmp_name] => 
            [error] => 4
            [size] => 0
        )

    [1_CertificadoSegundaLengua] => Array
        (
            [name] => 
            [full_path] => 
            [type] => 
            [tmp_name] => 
            [error] => 4
            [size] => 0
        )

    [1_ExperienciaLaboral] => Array
        (
            [name] => U-FT-12.010.069_Certificacion_determinacion_cedular_Rentas_de_Trabajo2.01__1_ (2).xlsx - Certificación Mensual SS (1).pdf
            [full_path] => U-FT-12.010.069_Certificacion_determinacion_cedular_Rentas_de_Trabajo2.01__1_ (2).xlsx - Certificación Mensual SS (1).pdf
            [type] => application/pdf
            [tmp_name] => C:\xampp\tmp\php2EB8.tmp
            [error] => 0
            [size] => 168664
        )

    [1_AntecedentesDisciplinariosProcuraduria] => Array
        (
            [name] => U.FT.12.011.020_Informe_de_ejecucion_de_actividades_orden_contractual.docx.pdf
            [full_path] => U.FT.12.011.020_Informe_de_ejecucion_de_actividades_orden_contractual.docx.pdf
            [type] => application/pdf
            [tmp_name] => C:\xampp\tmp\php2EB9.tmp
            [error] => 0
            [size] => 99660
        )

    [1_AntecedenteFiscalContraloria] => Array
        (
            [name] => U-FT-12.010.069_Certificacion_determinacion_cedular_Rentas_de_Trabajo2.01__1_ (2).xlsx - Certificación Mensual SS (1).pdf
            [full_path] => U-FT-12.010.069_Certificacion_determinacion_cedular_Rentas_de_Trabajo2.01__1_ (2).xlsx - Certificación Mensual SS (1).pdf
            [type] => application/pdf
            [tmp_name] => C:\xampp\tmp\php2EBA.tmp
            [error] => 0
            [size] => 168664
        )

    [1_AntecedenteJudicialPoliciaNal] => Array
        (
            [name] => U.FT.12.011.020_Informe_de_ejecucion_de_actividades_orden_contractual.docx.pdf
            [full_path] => U.FT.12.011.020_Informe_de_ejecucion_de_actividades_orden_contractual.docx.pdf
            [type] => application/pdf
            [tmp_name] => C:\xampp\tmp\php2EBB.tmp
            [error] => 0
            [size] => 99660
        )

    [2_FormatoAfiliacionSeguridadSocial] => Array
        (
            [name] => U.FT.12.011.020_Informe_de_ejecucion_de_actividades_orden_contractual.docx.pdf
            [full_path] => U.FT.12.011.020_Informe_de_ejecucion_de_actividades_orden_contractual.docx.pdf
            [type] => application/pdf
            [tmp_name] => C:\xampp\tmp\php2EBC.tmp
            [error] => 0
            [size] => 99660
        )

    [2_FormularioAfiliacionEps] => Array
        (
            [name] => U.FT.12.011.020_Informe_de_ejecucion_de_actividades_orden_contractual.docx.pdf
            [full_path] => U.FT.12.011.020_Informe_de_ejecucion_de_actividades_orden_contractual.docx.pdf
            [type] => application/pdf
            [tmp_name] => C:\xampp\tmp\php2EBD.tmp
            [error] => 0
            [size] => 99660
        )

    [2_FormularioAfiliacionPension] => Array
        (
            [name] => U.FT.12.011.020_Informe_de_ejecucion_de_actividades_orden_contractual.docx.pdf
            [full_path] => U.FT.12.011.020_Informe_de_ejecucion_de_actividades_orden_contractual.docx.pdf
            [type] => application/pdf
            [tmp_name] => C:\xampp\tmp\php2EBE.tmp
            [error] => 0
            [size] => 99660
        )

    [2_CertificadoCuentaBancaria] => Array
        (
            [name] => U.FT.12.011.020_Informe_de_ejecucion_de_actividades_orden_contractual.docx.pdf
            [full_path] => U.FT.12.011.020_Informe_de_ejecucion_de_actividades_orden_contractual.docx.pdf
            [type] => application/pdf
            [tmp_name] => C:\xampp\tmp\php2EBF.tmp
            [error] => 0
            [size] => 99660
        )

    [2_CertificadoAfiliacionUltimaEPS] => Array
        (
            [name] => U.FT.12.011.020_Informe_de_ejecucion_de_actividades_orden_contractual.docx.pdf
            [full_path] => U.FT.12.011.020_Informe_de_ejecucion_de_actividades_orden_contractual.docx.pdf
            [type] => application/pdf
            [tmp_name] => C:\xampp\tmp\php2ED0.tmp
            [error] => 0
            [size] => 99660
        )

    [2_CertificadoAfiliacionFondoPensiones] => Array
        (
            [name] => U.FT.12.011.020_Informe_de_ejecucion_de_actividades_orden_contractual.docx.pdf
            [full_path] => U.FT.12.011.020_Informe_de_ejecucion_de_actividades_orden_contractual.docx.pdf
            [type] => application/pdf
            [tmp_name] => C:\xampp\tmp\php2ED1.tmp
            [error] => 0
            [size] => 99660
        )

    [2_CedulaCiudadania] => Array
        (
            [name] => U.FT.12.011.020_Informe_de_ejecucion_de_actividades_orden_contractual.docx.pdf
            [full_path] => U.FT.12.011.020_Informe_de_ejecucion_de_actividades_orden_contractual.docx.pdf
            [type] => application/pdf
            [tmp_name] => C:\xampp\tmp\php2ED2.tmp
            [error] => 0
            [size] => 99660
        )

    [2_DeclaPensionadoSolPensionenTramite] => Array
        (
            [name] => 
            [full_path] => 
            [type] => 
            [tmp_name] => 
            [error] => 4
            [size] => 0
        )

    [2_AsignaturasDiasHorarios] => Array
        (
            [name] => 
            [full_path] => 
            [type] => 
            [tmp_name] => 
            [error] => 4
            [size] => 0
        )

    [2_ResolucionNombramiento] => Array
        (
            [name] => 
            [full_path] => 
            [type] => 
            [tmp_name] => 
            [error] => 4
            [size] => 0
        )

)

[03-Sep-2024 04:04:21 Europe/Berlin] variable MIME:application/pdf
[03-Sep-2024 04:04:21 Europe/Berlin] variable MIME:application/pdf
[03-Sep-2024 04:04:21 Europe/Berlin] variable MIME:application/pdf
[03-Sep-2024 04:04:21 Europe/Berlin] variable MIME:application/pdf
[03-Sep-2024 04:04:21 Europe/Berlin] variable MIME:application/pdf
[03-Sep-2024 04:04:21 Europe/Berlin] variable MIME:application/pdf
[03-Sep-2024 04:04:21 Europe/Berlin] variable MIME:application/pdf
[03-Sep-2024 04:04:21 Europe/Berlin] variable MIME:application/pdf
[03-Sep-2024 04:04:21 Europe/Berlin] variable MIME:application/pdf
[03-Sep-2024 04:04:21 Europe/Berlin] variable MIME:application/pdf
[03-Sep-2024 04:04:21 Europe/Berlin] variable MIME:application/pdf
[03-Sep-2024 04:04:21 Europe/Berlin] variable MIME:application/pdf
[03-Sep-2024 04:04:21 Europe/Berlin] variable MIME:application/pdf
[03-Sep-2024 04:04:21 Europe/Berlin] variable MIME:application/pdf
[03-Sep-2024 04:04:21 Europe/Berlin] variable MIME:application/pdf
[03-Sep-2024 04:04:21 Europe/Berlin] variable MIME:application/pdf
[03-Sep-2024 04:04:21 Europe/Berlin] variable MIME:application/pdf
[03-Sep-2024 04:04:21 Europe/Berlin] variable MIME:application/pdf
[03-Sep-2024 04:04:22 Europe/Berlin] PHP Fatal error:  Uncaught mysqli_sql_exception: Duplicate entry '1031642341' for key 'PRIMARY' in C:\xampp\htdocs\Proyecto_UNAL\src\controllers\neg_dat_register_professor.php:66
Stack trace:
#0 C:\xampp\htdocs\Proyecto_UNAL\src\controllers\neg_dat_register_professor.php(66): mysqli_query(Object(mysqli), 'INSERT INTO usu...')
#1 C:\xampp\htdocs\Proyecto_UNAL\src\controllers\neg_dat_register_professor.php(130): insertBasicDataProfessor('2', '1031642341', 'Juan', '', 'Casallas', '', 'juan@gmail.com', '3202932845', 'Juan123', '$2y$10$tFStp1Ts...')
#2 C:\xampp\htdocs\Proyecto_UNAL\src\controllers\neg_dat_register_professor.php(139): execute_register_professor('2', '1031642341', 'Juan', '', 'Casallas', '', 'juan@gmail.com', '3202932845', 'Juan123', 'Juanda123', Array, Array, Array, Array, Array, Array, Array, Array, Array, Array, Array, Array, Array, Array, Array, Array, Array, Array, Array, Array, Array, Array, Array, Array, Array, Array, Array)
#3 {main}
  thrown in C:\xampp\htdocs\Proyecto_UNAL\src\controllers\neg_dat_register_professor.php on line 66
[03-Sep-2024 04:13:11 Europe/Berlin] Array
(
    [1_HojaVidaFuncionPublica] => Array
        (
            [name] => U.FT.12.011.020_Informe_de_ejecucion_de_actividades_orden_contractual.docx.pdf
            [full_path] => U.FT.12.011.020_Informe_de_ejecucion_de_actividades_orden_contractual.docx.pdf
            [type] => application/pdf
            [tmp_name] => C:\xampp\tmp\php43CB.tmp
            [error] => 0
            [size] => 99660
        )

    [1_DeclaracionJuramentadaLey4de1992] => Array
        (
            [name] => U.FT.12.011.020_Informe_de_ejecucion_de_actividades_orden_contractual.docx.pdf
            [full_path] => U.FT.12.011.020_Informe_de_ejecucion_de_actividades_orden_contractual.docx.pdf
            [type] => application/pdf
            [tmp_name] => C:\xampp\tmp\php442A.tmp
            [error] => 0
            [size] => 99660
        )

    [1_VerificacionInhabilidadDelitoSexual] => Array
        (
            [name] => U.FT.12.011.020_Informe_de_ejecucion_de_actividades_orden_contractual.docx.pdf
            [full_path] => U.FT.12.011.020_Informe_de_ejecucion_de_actividades_orden_contractual.docx.pdf
            [type] => application/pdf
            [tmp_name] => C:\xampp\tmp\php442B.tmp
            [error] => 0
            [size] => 99660
        )

    [1_AutorizacionNotificacionCorreoElec] => Array
        (
            [name] => U.FT.12.011.020_Informe_de_ejecucion_de_actividades_orden_contractual.docx.pdf
            [full_path] => U.FT.12.011.020_Informe_de_ejecucion_de_actividades_orden_contractual.docx.pdf
            [type] => application/pdf
            [tmp_name] => C:\xampp\tmp\php443B.tmp
            [error] => 0
            [size] => 99660
        )

    [1_CompromisoInstitucionalVinculacion] => Array
        (
            [name] => U.FT.12.011.020_Informe_de_ejecucion_de_actividades_orden_contractual.docx.pdf
            [full_path] => U.FT.12.011.020_Informe_de_ejecucion_de_actividades_orden_contractual.docx.pdf
            [type] => application/pdf
            [tmp_name] => C:\xampp\tmp\php443C.tmp
            [error] => 0
            [size] => 99660
        )

    [1_AutorizacionTratamientoDatPer] => Array
        (
            [name] => U.FT.12.011.020_Informe_de_ejecucion_de_actividades_orden_contractual.docx.pdf
            [full_path] => U.FT.12.011.020_Informe_de_ejecucion_de_actividades_orden_contractual.docx.pdf
            [type] => application/pdf
            [tmp_name] => C:\xampp\tmp\php443D.tmp
            [error] => 0
            [size] => 99660
        )

    [1_VisaExtranjeria] => Array
        (
            [name] => 
            [full_path] => 
            [type] => 
            [tmp_name] => 
            [error] => 4
            [size] => 0
        )

    [1_FotocopiaLibretaMilitar] => Array
        (
            [name] => 
            [full_path] => 
            [type] => 
            [tmp_name] => 
            [error] => 4
            [size] => 0
        )

    [1_TarjetaProfesional] => Array
        (
            [name] => 
            [full_path] => 
            [type] => 
            [tmp_name] => 
            [error] => 4
            [size] => 0
        )

    [1_MatriculaProfesional] => Array
        (
            [name] => 
            [full_path] => 
            [type] => 
            [tmp_name] => 
            [error] => 4
            [size] => 0
        )

    [1_AvalSST] => Array
        (
            [name] => U-FT-12.010.069_Certificacion_determinacion_cedular_Rentas_de_Trabajo2.01__1_ (2).xlsx - Certificación Mensual SS (1).pdf
            [full_path] => U-FT-12.010.069_Certificacion_determinacion_cedular_Rentas_de_Trabajo2.01__1_ (2).xlsx - Certificación Mensual SS (1).pdf
            [type] => application/pdf
            [tmp_name] => C:\xampp\tmp\php443E.tmp
            [error] => 0
            [size] => 168664
        )

    [1_certificadoCursandoPosgrado] => Array
        (
            [name] => 
            [full_path] => 
            [type] => 
            [tmp_name] => 
            [error] => 4
            [size] => 0
        )

    [1_CertificadoSegundaLengua] => Array
        (
            [name] => 
            [full_path] => 
            [type] => 
            [tmp_name] => 
            [error] => 4
            [size] => 0
        )

    [1_ExperienciaLaboral] => Array
        (
            [name] => U-FT-12.010.069_Certificacion_determinacion_cedular_Rentas_de_Trabajo2.01__1_ (2).xlsx - Certificación Mensual SS (1).pdf
            [full_path] => U-FT-12.010.069_Certificacion_determinacion_cedular_Rentas_de_Trabajo2.01__1_ (2).xlsx - Certificación Mensual SS (1).pdf
            [type] => application/pdf
            [tmp_name] => C:\xampp\tmp\php443F.tmp
            [error] => 0
            [size] => 168664
        )

    [1_AntecedentesDisciplinariosProcuraduria] => Array
        (
            [name] => U.FT.12.011.020_Informe_de_ejecucion_de_actividades_orden_contractual.docx.pdf
            [full_path] => U.FT.12.011.020_Informe_de_ejecucion_de_actividades_orden_contractual.docx.pdf
            [type] => application/pdf
            [tmp_name] => C:\xampp\tmp\php4450.tmp
            [error] => 0
            [size] => 99660
        )

    [1_AntecedenteFiscalContraloria] => Array
        (
            [name] => U-FT-12.010.069_Certificacion_determinacion_cedular_Rentas_de_Trabajo2.01__1_ (2).xlsx - Certificación Mensual SS (1).pdf
            [full_path] => U-FT-12.010.069_Certificacion_determinacion_cedular_Rentas_de_Trabajo2.01__1_ (2).xlsx - Certificación Mensual SS (1).pdf
            [type] => application/pdf
            [tmp_name] => C:\xampp\tmp\php4451.tmp
            [error] => 0
            [size] => 168664
        )

    [1_AntecedenteJudicialPoliciaNal] => Array
        (
            [name] => U.FT.12.011.020_Informe_de_ejecucion_de_actividades_orden_contractual.docx.pdf
            [full_path] => U.FT.12.011.020_Informe_de_ejecucion_de_actividades_orden_contractual.docx.pdf
            [type] => application/pdf
            [tmp_name] => C:\xampp\tmp\php4452.tmp
            [error] => 0
            [size] => 99660
        )

    [2_FormatoAfiliacionSeguridadSocial] => Array
        (
            [name] => U.FT.12.011.020_Informe_de_ejecucion_de_actividades_orden_contractual.docx.pdf
            [full_path] => U.FT.12.011.020_Informe_de_ejecucion_de_actividades_orden_contractual.docx.pdf
            [type] => application/pdf
            [tmp_name] => C:\xampp\tmp\php4453.tmp
            [error] => 0
            [size] => 99660
        )

    [2_FormularioAfiliacionEps] => Array
        (
            [name] => U.FT.12.011.020_Informe_de_ejecucion_de_actividades_orden_contractual.docx.pdf
            [full_path] => U.FT.12.011.020_Informe_de_ejecucion_de_actividades_orden_contractual.docx.pdf
            [type] => application/pdf
            [tmp_name] => C:\xampp\tmp\php4454.tmp
            [error] => 0
            [size] => 99660
        )

    [2_FormularioAfiliacionPension] => Array
        (
            [name] => U.FT.12.011.020_Informe_de_ejecucion_de_actividades_orden_contractual.docx.pdf
            [full_path] => U.FT.12.011.020_Informe_de_ejecucion_de_actividades_orden_contractual.docx.pdf
            [type] => application/pdf
            [tmp_name] => C:\xampp\tmp\php4455.tmp
            [error] => 0
            [size] => 99660
        )

    [2_CertificadoCuentaBancaria] => Array
        (
            [name] => U.FT.12.011.020_Informe_de_ejecucion_de_actividades_orden_contractual.docx.pdf
            [full_path] => U.FT.12.011.020_Informe_de_ejecucion_de_actividades_orden_contractual.docx.pdf
            [type] => application/pdf
            [tmp_name] => C:\xampp\tmp\php4485.tmp
            [error] => 0
            [size] => 99660
        )

    [2_CertificadoAfiliacionUltimaEPS] => Array
        (
            [name] => U.FT.12.011.020_Informe_de_ejecucion_de_actividades_orden_contractual.docx.pdf
            [full_path] => U.FT.12.011.020_Informe_de_ejecucion_de_actividades_orden_contractual.docx.pdf
            [type] => application/pdf
            [tmp_name] => C:\xampp\tmp\php4486.tmp
            [error] => 0
            [size] => 99660
        )

    [2_CertificadoAfiliacionFondoPensiones] => Array
        (
            [name] => U.FT.12.011.020_Informe_de_ejecucion_de_actividades_orden_contractual.docx.pdf
            [full_path] => U.FT.12.011.020_Informe_de_ejecucion_de_actividades_orden_contractual.docx.pdf
            [type] => application/pdf
            [tmp_name] => C:\xampp\tmp\php4487.tmp
            [error] => 0
            [size] => 99660
        )

    [2_CedulaCiudadania] => Array
        (
            [name] => U.FT.12.011.020_Informe_de_ejecucion_de_actividades_orden_contractual.docx.pdf
            [full_path] => U.FT.12.011.020_Informe_de_ejecucion_de_actividades_orden_contractual.docx.pdf
            [type] => application/pdf
            [tmp_name] => C:\xampp\tmp\php4488.tmp
            [error] => 0
            [size] => 99660
        )

    [2_DeclaPensionadoSolPensionenTramite] => Array
        (
            [name] => 
            [full_path] => 
            [type] => 
            [tmp_name] => 
            [error] => 4
            [size] => 0
        )

    [2_AsignaturasDiasHorarios] => Array
        (
            [name] => 
            [full_path] => 
            [type] => 
            [tmp_name] => 
            [error] => 4
            [size] => 0
        )

    [2_ResolucionNombramiento] => Array
        (
            [name] => 
            [full_path] => 
            [type] => 
            [tmp_name] => 
            [error] => 4
            [size] => 0
        )

)

[03-Sep-2024 04:13:11 Europe/Berlin] variable MIME:application/pdf
[03-Sep-2024 04:13:11 Europe/Berlin] variable MIME:application/pdf
[03-Sep-2024 04:13:11 Europe/Berlin] variable MIME:application/pdf
[03-Sep-2024 04:13:11 Europe/Berlin] variable MIME:application/pdf
[03-Sep-2024 04:13:11 Europe/Berlin] variable MIME:application/pdf
[03-Sep-2024 04:13:11 Europe/Berlin] variable MIME:application/pdf
[03-Sep-2024 04:13:11 Europe/Berlin] variable MIME:application/pdf
[03-Sep-2024 04:13:11 Europe/Berlin] variable MIME:application/pdf
[03-Sep-2024 04:13:11 Europe/Berlin] variable MIME:application/pdf
[03-Sep-2024 04:13:11 Europe/Berlin] variable MIME:application/pdf
[03-Sep-2024 04:13:11 Europe/Berlin] variable MIME:application/pdf
[03-Sep-2024 04:13:11 Europe/Berlin] variable MIME:application/pdf
[03-Sep-2024 04:13:11 Europe/Berlin] variable MIME:application/pdf
[03-Sep-2024 04:13:11 Europe/Berlin] variable MIME:application/pdf
[03-Sep-2024 04:13:11 Europe/Berlin] variable MIME:application/pdf
[03-Sep-2024 04:13:11 Europe/Berlin] variable MIME:application/pdf
[03-Sep-2024 04:13:11 Europe/Berlin] variable MIME:application/pdf
[03-Sep-2024 04:13:11 Europe/Berlin] variable MIME:application/pdf
[03-Sep-2024 04:13:11 Europe/Berlin] PHP Fatal error:  Uncaught mysqli_sql_exception: Duplicate entry '1031642341' for key 'PRIMARY' in C:\xampp\htdocs\Proyecto_UNAL\src\controllers\neg_dat_register_professor.php:50
Stack trace:
#0 C:\xampp\htdocs\Proyecto_UNAL\src\controllers\neg_dat_register_professor.php(50): mysqli_query(Object(mysqli), 'INSERT INTO arc...')
#1 C:\xampp\htdocs\Proyecto_UNAL\src\controllers\neg_dat_register_professor.php(136): saveFilesProfessor('JuanCasallas', '1031642341', Array)
#2 C:\xampp\htdocs\Proyecto_UNAL\src\controllers\neg_dat_register_professor.php(141): execute_register_professor('2', '1031642341', 'Juan', '', 'Casallas', '', 'juan@gmail.com', '3202932845', 'Juan123', 'Juanda123', Array, Array, Array, Array, Array, Array, Array, Array, Array, Array, Array, Array, Array, Array, Array, Array, Array, Array, Array, Array, Array, Array, Array, Array, Array, Array, Array)
#3 {main}
  thrown in C:\xampp\htdocs\Proyecto_UNAL\src\controllers\neg_dat_register_professor.php on line 50
[03-Sep-2024 04:19:38 Europe/Berlin] Array
(
    [1_HojaVidaFuncionPublica] => Array
        (
            [name] => U.FT.12.011.020_Informe_de_ejecucion_de_actividades_orden_contractual.docx.pdf
            [full_path] => U.FT.12.011.020_Informe_de_ejecucion_de_actividades_orden_contractual.docx.pdf
            [type] => application/pdf
            [tmp_name] => C:\xampp\tmp\php2DE7.tmp
            [error] => 0
            [size] => 99660
        )

    [1_DeclaracionJuramentadaLey4de1992] => Array
        (
            [name] => U.FT.12.011.020_Informe_de_ejecucion_de_actividades_orden_contractual.docx.pdf
            [full_path] => U.FT.12.011.020_Informe_de_ejecucion_de_actividades_orden_contractual.docx.pdf
            [type] => application/pdf
            [tmp_name] => C:\xampp\tmp\php2DE8.tmp
            [error] => 0
            [size] => 99660
        )

    [1_VerificacionInhabilidadDelitoSexual] => Array
        (
            [name] => U.FT.12.011.020_Informe_de_ejecucion_de_actividades_orden_contractual.docx.pdf
            [full_path] => U.FT.12.011.020_Informe_de_ejecucion_de_actividades_orden_contractual.docx.pdf
            [type] => application/pdf
            [tmp_name] => C:\xampp\tmp\php2DE9.tmp
            [error] => 0
            [size] => 99660
        )

    [1_AutorizacionNotificacionCorreoElec] => Array
        (
            [name] => U.FT.12.011.020_Informe_de_ejecucion_de_actividades_orden_contractual.docx.pdf
            [full_path] => U.FT.12.011.020_Informe_de_ejecucion_de_actividades_orden_contractual.docx.pdf
            [type] => application/pdf
            [tmp_name] => C:\xampp\tmp\php2DF9.tmp
            [error] => 0
            [size] => 99660
        )

    [1_CompromisoInstitucionalVinculacion] => Array
        (
            [name] => U.FT.12.011.020_Informe_de_ejecucion_de_actividades_orden_contractual.docx.pdf
            [full_path] => U.FT.12.011.020_Informe_de_ejecucion_de_actividades_orden_contractual.docx.pdf
            [type] => application/pdf
            [tmp_name] => C:\xampp\tmp\php2DFA.tmp
            [error] => 0
            [size] => 99660
        )

    [1_AutorizacionTratamientoDatPer] => Array
        (
            [name] => U.FT.12.011.020_Informe_de_ejecucion_de_actividades_orden_contractual.docx.pdf
            [full_path] => U.FT.12.011.020_Informe_de_ejecucion_de_actividades_orden_contractual.docx.pdf
            [type] => application/pdf
            [tmp_name] => C:\xampp\tmp\php2DFB.tmp
            [error] => 0
            [size] => 99660
        )

    [1_VisaExtranjeria] => Array
        (
            [name] => 
            [full_path] => 
            [type] => 
            [tmp_name] => 
            [error] => 4
            [size] => 0
        )

    [1_FotocopiaLibretaMilitar] => Array
        (
            [name] => 
            [full_path] => 
            [type] => 
            [tmp_name] => 
            [error] => 4
            [size] => 0
        )

    [1_TarjetaProfesional] => Array
        (
            [name] => 
            [full_path] => 
            [type] => 
            [tmp_name] => 
            [error] => 4
            [size] => 0
        )

    [1_MatriculaProfesional] => Array
        (
            [name] => 
            [full_path] => 
            [type] => 
            [tmp_name] => 
            [error] => 4
            [size] => 0
        )

    [1_AvalSST] => Array
        (
            [name] => U-FT-12.010.069_Certificacion_determinacion_cedular_Rentas_de_Trabajo2.01__1_ (2).xlsx - Certificación Mensual SS (1).pdf
            [full_path] => U-FT-12.010.069_Certificacion_determinacion_cedular_Rentas_de_Trabajo2.01__1_ (2).xlsx - Certificación Mensual SS (1).pdf
            [type] => application/pdf
            [tmp_name] => C:\xampp\tmp\php2E0C.tmp
            [error] => 0
            [size] => 168664
        )

    [1_certificadoCursandoPosgrado] => Array
        (
            [name] => 
            [full_path] => 
            [type] => 
            [tmp_name] => 
            [error] => 4
            [size] => 0
        )

    [1_CertificadoSegundaLengua] => Array
        (
            [name] => 
            [full_path] => 
            [type] => 
            [tmp_name] => 
            [error] => 4
            [size] => 0
        )

    [1_ExperienciaLaboral] => Array
        (
            [name] => U-FT-12.010.069_Certificacion_determinacion_cedular_Rentas_de_Trabajo2.01__1_ (2).xlsx - Certificación Mensual SS (1).pdf
            [full_path] => U-FT-12.010.069_Certificacion_determinacion_cedular_Rentas_de_Trabajo2.01__1_ (2).xlsx - Certificación Mensual SS (1).pdf
            [type] => application/pdf
            [tmp_name] => C:\xampp\tmp\php2E0D.tmp
            [error] => 0
            [size] => 168664
        )

    [1_AntecedentesDisciplinariosProcuraduria] => Array
        (
            [name] => U.FT.12.011.020_Informe_de_ejecucion_de_actividades_orden_contractual.docx.pdf
            [full_path] => U.FT.12.011.020_Informe_de_ejecucion_de_actividades_orden_contractual.docx.pdf
            [type] => application/pdf
            [tmp_name] => C:\xampp\tmp\php2E0E.tmp
            [error] => 0
            [size] => 99660
        )

    [1_AntecedenteFiscalContraloria] => Array
        (
            [name] => U-FT-12.010.069_Certificacion_determinacion_cedular_Rentas_de_Trabajo2.01__1_ (2).xlsx - Certificación Mensual SS (1).pdf
            [full_path] => U-FT-12.010.069_Certificacion_determinacion_cedular_Rentas_de_Trabajo2.01__1_ (2).xlsx - Certificación Mensual SS (1).pdf
            [type] => application/pdf
            [tmp_name] => C:\xampp\tmp\php2E0F.tmp
            [error] => 0
            [size] => 168664
        )

    [1_AntecedenteJudicialPoliciaNal] => Array
        (
            [name] => U.FT.12.011.020_Informe_de_ejecucion_de_actividades_orden_contractual.docx.pdf
            [full_path] => U.FT.12.011.020_Informe_de_ejecucion_de_actividades_orden_contractual.docx.pdf
            [type] => application/pdf
            [tmp_name] => C:\xampp\tmp\php2E10.tmp
            [error] => 0
            [size] => 99660
        )

    [2_FormatoAfiliacionSeguridadSocial] => Array
        (
            [name] => U.FT.12.011.020_Informe_de_ejecucion_de_actividades_orden_contractual.docx.pdf
            [full_path] => U.FT.12.011.020_Informe_de_ejecucion_de_actividades_orden_contractual.docx.pdf
            [type] => application/pdf
            [tmp_name] => C:\xampp\tmp\php2E21.tmp
            [error] => 0
            [size] => 99660
        )

    [2_FormularioAfiliacionEps] => Array
        (
            [name] => U.FT.12.011.020_Informe_de_ejecucion_de_actividades_orden_contractual.docx.pdf
            [full_path] => U.FT.12.011.020_Informe_de_ejecucion_de_actividades_orden_contractual.docx.pdf
            [type] => application/pdf
            [tmp_name] => C:\xampp\tmp\php2E60.tmp
            [error] => 0
            [size] => 99660
        )

    [2_FormularioAfiliacionPension] => Array
        (
            [name] => U.FT.12.011.020_Informe_de_ejecucion_de_actividades_orden_contractual.docx.pdf
            [full_path] => U.FT.12.011.020_Informe_de_ejecucion_de_actividades_orden_contractual.docx.pdf
            [type] => application/pdf
            [tmp_name] => C:\xampp\tmp\php2E61.tmp
            [error] => 0
            [size] => 99660
        )

    [2_CertificadoCuentaBancaria] => Array
        (
            [name] => U.FT.12.011.020_Informe_de_ejecucion_de_actividades_orden_contractual.docx.pdf
            [full_path] => U.FT.12.011.020_Informe_de_ejecucion_de_actividades_orden_contractual.docx.pdf
            [type] => application/pdf
            [tmp_name] => C:\xampp\tmp\php2E62.tmp
            [error] => 0
            [size] => 99660
        )

    [2_CertificadoAfiliacionUltimaEPS] => Array
        (
            [name] => U.FT.12.011.020_Informe_de_ejecucion_de_actividades_orden_contractual.docx.pdf
            [full_path] => U.FT.12.011.020_Informe_de_ejecucion_de_actividades_orden_contractual.docx.pdf
            [type] => application/pdf
            [tmp_name] => C:\xampp\tmp\php2E63.tmp
            [error] => 0
            [size] => 99660
        )

    [2_CertificadoAfiliacionFondoPensiones] => Array
        (
            [name] => U.FT.12.011.020_Informe_de_ejecucion_de_actividades_orden_contractual.docx.pdf
            [full_path] => U.FT.12.011.020_Informe_de_ejecucion_de_actividades_orden_contractual.docx.pdf
            [type] => application/pdf
            [tmp_name] => C:\xampp\tmp\php2E64.tmp
            [error] => 0
            [size] => 99660
        )

    [2_CedulaCiudadania] => Array
        (
            [name] => U.FT.12.011.020_Informe_de_ejecucion_de_actividades_orden_contractual.docx.pdf
            [full_path] => U.FT.12.011.020_Informe_de_ejecucion_de_actividades_orden_contractual.docx.pdf
            [type] => application/pdf
            [tmp_name] => C:\xampp\tmp\php2E94.tmp
            [error] => 0
            [size] => 99660
        )

    [2_DeclaPensionadoSolPensionenTramite] => Array
        (
            [name] => 
            [full_path] => 
            [type] => 
            [tmp_name] => 
            [error] => 4
            [size] => 0
        )

    [2_AsignaturasDiasHorarios] => Array
        (
            [name] => 
            [full_path] => 
            [type] => 
            [tmp_name] => 
            [error] => 4
            [size] => 0
        )

    [2_ResolucionNombramiento] => Array
        (
            [name] => 
            [full_path] => 
            [type] => 
            [tmp_name] => 
            [error] => 4
            [size] => 0
        )

)

[03-Sep-2024 04:19:38 Europe/Berlin] variable MIME:application/pdf
[03-Sep-2024 04:19:38 Europe/Berlin] variable MIME:application/pdf
[03-Sep-2024 04:19:38 Europe/Berlin] variable MIME:application/pdf
[03-Sep-2024 04:19:38 Europe/Berlin] variable MIME:application/pdf
[03-Sep-2024 04:19:38 Europe/Berlin] variable MIME:application/pdf
[03-Sep-2024 04:19:38 Europe/Berlin] variable MIME:application/pdf
[03-Sep-2024 04:19:38 Europe/Berlin] variable MIME:application/pdf
[03-Sep-2024 04:19:38 Europe/Berlin] variable MIME:application/pdf
[03-Sep-2024 04:19:38 Europe/Berlin] variable MIME:application/pdf
[03-Sep-2024 04:19:38 Europe/Berlin] variable MIME:application/pdf
[03-Sep-2024 04:19:38 Europe/Berlin] variable MIME:application/pdf
[03-Sep-2024 04:19:38 Europe/Berlin] variable MIME:application/pdf
[03-Sep-2024 04:19:38 Europe/Berlin] variable MIME:application/pdf
[03-Sep-2024 04:19:38 Europe/Berlin] variable MIME:application/pdf
[03-Sep-2024 04:19:38 Europe/Berlin] variable MIME:application/pdf
[03-Sep-2024 04:19:38 Europe/Berlin] variable MIME:application/pdf
[03-Sep-2024 04:19:38 Europe/Berlin] variable MIME:application/pdf
[03-Sep-2024 04:19:38 Europe/Berlin] variable MIME:application/pdf
[03-Sep-2024 04:20:36 Europe/Berlin] Iniciando loginUser
[03-Sep-2024 04:20:37 Europe/Berlin] Usuario consultado: Array
(
    [id_tdoc] => 1
    [id_usuario] => 1031642393
    [nombre1] => Sergio
    [nombre2] => Esteban
    [apellido1] => Chaparro
    [apellido2] => Noguera
    [id_rol] => 3
    [usuario] => Serch
    [clave] => $2y$10$S6mZqH8ie24Y70WgDEtGeuHo43ZC0ZQTfmNVCu62.DoZ2rg6SLEoi
    [correo] => sechaparron@unal.edu.co
    [telefono] => 313270352
    [fecha_ingreso] => 2024-09-01 23:10:45
    [id_estado] => 1
)

[03-Sep-2024 04:20:37 Europe/Berlin] Clave ingresada: 4dMn^$G4Vwsc
[03-Sep-2024 04:20:37 Europe/Berlin] Clave en BD: $2y$10$S6mZqH8ie24Y70WgDEtGeuHo43ZC0ZQTfmNVCu62.DoZ2rg6SLEoi
[03-Sep-2024 04:20:37 Europe/Berlin] Resultado de password_verify: true
[03-Sep-2024 04:20:37 Europe/Berlin] Estado del usuario: 1
[03-Sep-2024 04:20:37 Europe/Berlin] Comparación de estado: true
[03-Sep-2024 04:20:37 Europe/Berlin] Hashed password: $2y$10$WKrvLMtgdyHOigJm0P0OSutV/R3AKWuAJTKIfRD4eAip3aL03l/RK

[03-Sep-2024 04:20:37 Europe/Berlin] Stored password: $2y$10$S6mZqH8ie24Y70WgDEtGeuHo43ZC0ZQTfmNVCu62.DoZ2rg6SLEoi

[03-Sep-2024 04:20:37 Europe/Berlin] Passwords match: false

[03-Sep-2024 04:20:37 Europe/Berlin] Inicio de sesión exitoso para el usuario: Serch
[03-Sep-2024 04:21:00 Europe/Berlin] Iniciando loginUser
[03-Sep-2024 04:21:00 Europe/Berlin] Usuario consultado: Array
(
    [id_tdoc] => 1
    [id_usuario] => 1031642393
    [nombre1] => Sergio
    [nombre2] => Esteban
    [apellido1] => Chaparro
    [apellido2] => Noguera
    [id_rol] => 3
    [usuario] => Serch
    [clave] => $2y$10$S6mZqH8ie24Y70WgDEtGeuHo43ZC0ZQTfmNVCu62.DoZ2rg6SLEoi
    [correo] => sechaparron@unal.edu.co
    [telefono] => 313270352
    [fecha_ingreso] => 2024-09-01 23:10:45
    [id_estado] => 1
)

[03-Sep-2024 04:21:00 Europe/Berlin] Clave ingresada: 4dMn^$G4Vwsc
[03-Sep-2024 04:21:00 Europe/Berlin] Clave en BD: $2y$10$S6mZqH8ie24Y70WgDEtGeuHo43ZC0ZQTfmNVCu62.DoZ2rg6SLEoi
[03-Sep-2024 04:21:00 Europe/Berlin] Resultado de password_verify: true
[03-Sep-2024 04:21:00 Europe/Berlin] Estado del usuario: 1
[03-Sep-2024 04:21:00 Europe/Berlin] Comparación de estado: true
[03-Sep-2024 04:21:00 Europe/Berlin] Hashed password: $2y$10$N26c9TiFWrX3EEeWbQ2eCOH8wLTzqZhyXgTJ5zgabXDXpc.fsG3D6

[03-Sep-2024 04:21:00 Europe/Berlin] Stored password: $2y$10$S6mZqH8ie24Y70WgDEtGeuHo43ZC0ZQTfmNVCu62.DoZ2rg6SLEoi

[03-Sep-2024 04:21:00 Europe/Berlin] Passwords match: false

[03-Sep-2024 04:21:01 Europe/Berlin] Inicio de sesión exitoso para el usuario: Serch
[03-Sep-2024 04:30:44 Europe/Berlin] Array
(
    [1_HojaVidaFuncionPublica] => Array
        (
            [name] => U-FT-12.010.069_Certificacion_determinacion_cedular_Rentas_de_Trabajo2.01__1_ (2).xlsx - Certificación Mensual SS (1).pdf
            [full_path] => U-FT-12.010.069_Certificacion_determinacion_cedular_Rentas_de_Trabajo2.01__1_ (2).xlsx - Certificación Mensual SS (1).pdf
            [type] => application/pdf
            [tmp_name] => C:\xampp\tmp\php55A4.tmp
            [error] => 0
            [size] => 168664
        )

    [1_DeclaracionJuramentadaLey4de1992] => Array
        (
            [name] => U.FT.12.011.020_Informe_de_ejecucion_de_actividades_orden_contractual.docx.pdf
            [full_path] => U.FT.12.011.020_Informe_de_ejecucion_de_actividades_orden_contractual.docx.pdf
            [type] => application/pdf
            [tmp_name] => C:\xampp\tmp\php55A5.tmp
            [error] => 0
            [size] => 99660
        )

    [1_VerificacionInhabilidadDelitoSexual] => Array
        (
            [name] => U.FT.12.011.020_Informe_de_ejecucion_de_actividades_orden_contractual.docx.pdf
            [full_path] => U.FT.12.011.020_Informe_de_ejecucion_de_actividades_orden_contractual.docx.pdf
            [type] => application/pdf
            [tmp_name] => C:\xampp\tmp\php55A6.tmp
            [error] => 0
            [size] => 99660
        )

    [1_AutorizacionNotificacionCorreoElec] => Array
        (
            [name] => U.FT.12.011.020_Informe_de_ejecucion_de_actividades_orden_contractual.docx.pdf
            [full_path] => U.FT.12.011.020_Informe_de_ejecucion_de_actividades_orden_contractual.docx.pdf
            [type] => application/pdf
            [tmp_name] => C:\xampp\tmp\php55B7.tmp
            [error] => 0
            [size] => 99660
        )

    [1_CompromisoInstitucionalVinculacion] => Array
        (
            [name] => U.FT.12.011.020_Informe_de_ejecucion_de_actividades_orden_contractual.docx.pdf
            [full_path] => U.FT.12.011.020_Informe_de_ejecucion_de_actividades_orden_contractual.docx.pdf
            [type] => application/pdf
            [tmp_name] => C:\xampp\tmp\php55B8.tmp
            [error] => 0
            [size] => 99660
        )

    [1_AutorizacionTratamientoDatPer] => Array
        (
            [name] => U.FT.12.011.020_Informe_de_ejecucion_de_actividades_orden_contractual.docx.pdf
            [full_path] => U.FT.12.011.020_Informe_de_ejecucion_de_actividades_orden_contractual.docx.pdf
            [type] => application/pdf
            [tmp_name] => C:\xampp\tmp\php55B9.tmp
            [error] => 0
            [size] => 99660
        )

    [1_VisaExtranjeria] => Array
        (
            [name] => 
            [full_path] => 
            [type] => 
            [tmp_name] => 
            [error] => 4
            [size] => 0
        )

    [1_FotocopiaLibretaMilitar] => Array
        (
            [name] => 
            [full_path] => 
            [type] => 
            [tmp_name] => 
            [error] => 4
            [size] => 0
        )

    [1_TarjetaProfesional] => Array
        (
            [name] => U.FT.12.011.020_Informe_de_ejecucion_de_actividades_orden_contractual.docx.pdf
            [full_path] => U.FT.12.011.020_Informe_de_ejecucion_de_actividades_orden_contractual.docx.pdf
            [type] => application/pdf
            [tmp_name] => C:\xampp\tmp\php55BA.tmp
            [error] => 0
            [size] => 99660
        )

    [1_MatriculaProfesional] => Array
        (
            [name] => U.FT.12.011.020_Informe_de_ejecucion_de_actividades_orden_contractual.docx.pdf
            [full_path] => U.FT.12.011.020_Informe_de_ejecucion_de_actividades_orden_contractual.docx.pdf
            [type] => application/pdf
            [tmp_name] => C:\xampp\tmp\php55BB.tmp
            [error] => 0
            [size] => 99660
        )

    [1_AvalSST] => Array
        (
            [name] => U.FT.12.011.020_Informe_de_ejecucion_de_actividades_orden_contractual.docx.pdf
            [full_path] => U.FT.12.011.020_Informe_de_ejecucion_de_actividades_orden_contractual.docx.pdf
            [type] => application/pdf
            [tmp_name] => C:\xampp\tmp\php55BC.tmp
            [error] => 0
            [size] => 99660
        )

    [1_certificadoCursandoPosgrado] => Array
        (
            [name] => 
            [full_path] => 
            [type] => 
            [tmp_name] => 
            [error] => 4
            [size] => 0
        )

    [1_CertificadoSegundaLengua] => Array
        (
            [name] => 
            [full_path] => 
            [type] => 
            [tmp_name] => 
            [error] => 4
            [size] => 0
        )

    [1_ExperienciaLaboral] => Array
        (
            [name] => U.FT.12.011.020_Informe_de_ejecucion_de_actividades_orden_contractual.docx.pdf
            [full_path] => U.FT.12.011.020_Informe_de_ejecucion_de_actividades_orden_contractual.docx.pdf
            [type] => application/pdf
            [tmp_name] => C:\xampp\tmp\php55CD.tmp
            [error] => 0
            [size] => 99660
        )

    [1_AntecedentesDisciplinariosProcuraduria] => Array
        (
            [name] => U.FT.12.011.020_Informe_de_ejecucion_de_actividades_orden_contractual.docx.pdf
            [full_path] => U.FT.12.011.020_Informe_de_ejecucion_de_actividades_orden_contractual.docx.pdf
            [type] => application/pdf
            [tmp_name] => C:\xampp\tmp\php55CE.tmp
            [error] => 0
            [size] => 99660
        )

    [1_AntecedenteFiscalContraloria] => Array
        (
            [name] => U.FT.12.011.020_Informe_de_ejecucion_de_actividades_orden_contractual.docx.pdf
            [full_path] => U.FT.12.011.020_Informe_de_ejecucion_de_actividades_orden_contractual.docx.pdf
            [type] => application/pdf
            [tmp_name] => C:\xampp\tmp\php55CF.tmp
            [error] => 0
            [size] => 99660
        )

    [1_AntecedenteJudicialPoliciaNal] => Array
        (
            [name] => U.FT.12.011.020_Informe_de_ejecucion_de_actividades_orden_contractual.docx.pdf
            [full_path] => U.FT.12.011.020_Informe_de_ejecucion_de_actividades_orden_contractual.docx.pdf
            [type] => application/pdf
            [tmp_name] => C:\xampp\tmp\php55D0.tmp
            [error] => 0
            [size] => 99660
        )

    [2_FormatoAfiliacionSeguridadSocial] => Array
        (
            [name] => U.FT.12.011.020_Informe_de_ejecucion_de_actividades_orden_contractual.docx.pdf
            [full_path] => U.FT.12.011.020_Informe_de_ejecucion_de_actividades_orden_contractual.docx.pdf
            [type] => application/pdf
            [tmp_name] => C:\xampp\tmp\php55D1.tmp
            [error] => 0
            [size] => 99660
        )

    [2_FormularioAfiliacionEps] => Array
        (
            [name] => U.FT.12.011.020_Informe_de_ejecucion_de_actividades_orden_contractual.docx.pdf
            [full_path] => U.FT.12.011.020_Informe_de_ejecucion_de_actividades_orden_contractual.docx.pdf
            [type] => application/pdf
            [tmp_name] => C:\xampp\tmp\php55D2.tmp
            [error] => 0
            [size] => 99660
        )

    [2_FormularioAfiliacionPension] => Array
        (
            [name] => U.FT.12.011.020_Informe_de_ejecucion_de_actividades_orden_contractual.docx.pdf
            [full_path] => U.FT.12.011.020_Informe_de_ejecucion_de_actividades_orden_contractual.docx.pdf
            [type] => application/pdf
            [tmp_name] => C:\xampp\tmp\php55D3.tmp
            [error] => 0
            [size] => 99660
        )

    [2_CertificadoCuentaBancaria] => Array
        (
            [name] => U.FT.12.011.020_Informe_de_ejecucion_de_actividades_orden_contractual.docx.pdf
            [full_path] => U.FT.12.011.020_Informe_de_ejecucion_de_actividades_orden_contractual.docx.pdf
            [type] => application/pdf
            [tmp_name] => C:\xampp\tmp\php55E3.tmp
            [error] => 0
            [size] => 99660
        )

    [2_CertificadoAfiliacionUltimaEPS] => Array
        (
            [name] => U.FT.12.011.020_Informe_de_ejecucion_de_actividades_orden_contractual.docx.pdf
            [full_path] => U.FT.12.011.020_Informe_de_ejecucion_de_actividades_orden_contractual.docx.pdf
            [type] => application/pdf
            [tmp_name] => C:\xampp\tmp\php55E4.tmp
            [error] => 0
            [size] => 99660
        )

    [2_CertificadoAfiliacionFondoPensiones] => Array
        (
            [name] => U.FT.12.011.020_Informe_de_ejecucion_de_actividades_orden_contractual.docx.pdf
            [full_path] => U.FT.12.011.020_Informe_de_ejecucion_de_actividades_orden_contractual.docx.pdf
            [type] => application/pdf
            [tmp_name] => C:\xampp\tmp\php55E5.tmp
            [error] => 0
            [size] => 99660
        )

    [2_CedulaCiudadania] => Array
        (
            [name] => U.FT.12.011.020_Informe_de_ejecucion_de_actividades_orden_contractual.docx.pdf
            [full_path] => U.FT.12.011.020_Informe_de_ejecucion_de_actividades_orden_contractual.docx.pdf
            [type] => application/pdf
            [tmp_name] => C:\xampp\tmp\php55E6.tmp
            [error] => 0
            [size] => 99660
        )

    [2_DeclaPensionadoSolPensionenTramite] => Array
        (
            [name] => 
            [full_path] => 
            [type] => 
            [tmp_name] => 
            [error] => 4
            [size] => 0
        )

    [2_AsignaturasDiasHorarios] => Array
        (
            [name] => 
            [full_path] => 
            [type] => 
            [tmp_name] => 
            [error] => 4
            [size] => 0
        )

    [2_ResolucionNombramiento] => Array
        (
            [name] => 
            [full_path] => 
            [type] => 
            [tmp_name] => 
            [error] => 4
            [size] => 0
        )

)

[03-Sep-2024 04:30:44 Europe/Berlin] variable MIME:application/pdf
[03-Sep-2024 04:30:44 Europe/Berlin] variable MIME:application/pdf
[03-Sep-2024 04:30:44 Europe/Berlin] variable MIME:application/pdf
[03-Sep-2024 04:30:44 Europe/Berlin] variable MIME:application/pdf
[03-Sep-2024 04:30:44 Europe/Berlin] variable MIME:application/pdf
[03-Sep-2024 04:30:44 Europe/Berlin] variable MIME:application/pdf
[03-Sep-2024 04:30:44 Europe/Berlin] variable MIME:application/pdf
[03-Sep-2024 04:30:44 Europe/Berlin] variable MIME:application/pdf
[03-Sep-2024 04:30:44 Europe/Berlin] variable MIME:application/pdf
[03-Sep-2024 04:30:44 Europe/Berlin] variable MIME:application/pdf
[03-Sep-2024 04:30:44 Europe/Berlin] variable MIME:application/pdf
[03-Sep-2024 04:30:44 Europe/Berlin] variable MIME:application/pdf
[03-Sep-2024 04:30:44 Europe/Berlin] variable MIME:application/pdf
[03-Sep-2024 04:30:44 Europe/Berlin] variable MIME:application/pdf
[03-Sep-2024 04:30:44 Europe/Berlin] variable MIME:application/pdf
[03-Sep-2024 04:30:44 Europe/Berlin] variable MIME:application/pdf
[03-Sep-2024 04:30:44 Europe/Berlin] variable MIME:application/pdf
[03-Sep-2024 04:30:44 Europe/Berlin] variable MIME:application/pdf
[03-Sep-2024 04:30:44 Europe/Berlin] variable MIME:application/pdf
[03-Sep-2024 04:30:44 Europe/Berlin] variable MIME:application/pdf
[03-Sep-2024 04:30:56 Europe/Berlin] Iniciando loginUser
[03-Sep-2024 04:30:56 Europe/Berlin] Usuario consultado: Array
(
    [id_tdoc] => 3
    [id_usuario] => 12452514
    [nombre1] => Juan
    [nombre2] => 
    [apellido1] => Chaparro
    [apellido2] => 
    [id_rol] => 1
    [usuario] => Juan123
    [clave] => $2y$10$0cpXjST1CXuqdgfEMH9IxOwcvoX.aAJvNgaBYKF/BlPKTy9Jdn2.y
    [correo] => juan@gmail.com
    [telefono] => 2147483647
    [fecha_ingreso] => 2024-09-03 04:30:44
    [id_estado] => 3
)

[03-Sep-2024 04:30:56 Europe/Berlin] Clave ingresada: Juanda123
[03-Sep-2024 04:30:56 Europe/Berlin] Clave en BD: $2y$10$0cpXjST1CXuqdgfEMH9IxOwcvoX.aAJvNgaBYKF/BlPKTy9Jdn2.y
[03-Sep-2024 04:30:56 Europe/Berlin] Resultado de password_verify: true
[03-Sep-2024 04:30:56 Europe/Berlin] Estado del usuario: 3
[03-Sep-2024 04:30:56 Europe/Berlin] Comparación de estado: false
[03-Sep-2024 04:30:56 Europe/Berlin] Hashed password: $2y$10$TpsT/YoRHnuL0Ev8BTsGW.QDX49IcrECfNky5yPKit71BT1rV9NGu

[03-Sep-2024 04:30:56 Europe/Berlin] Stored password: $2y$10$0cpXjST1CXuqdgfEMH9IxOwcvoX.aAJvNgaBYKF/BlPKTy9Jdn2.y

[03-Sep-2024 04:30:56 Europe/Berlin] Passwords match: false

[03-Sep-2024 04:30:57 Europe/Berlin] Credenciales incorrectas para el usuario: Juan123
[03-Sep-2024 04:31:03 Europe/Berlin] Iniciando loginUser
[03-Sep-2024 04:31:04 Europe/Berlin] Usuario no encontrado: Juan
[03-Sep-2024 04:37:42 Europe/Berlin] Iniciando loginUser
[03-Sep-2024 04:37:42 Europe/Berlin] Usuario no encontrado: Juan
[03-Sep-2024 04:38:09 Europe/Berlin] Iniciando loginUser
[03-Sep-2024 04:38:09 Europe/Berlin] Usuario consultado: Array
(
    [id_tdoc] => 3
    [id_usuario] => 12452514
    [nombre1] => Juan
    [nombre2] => 
    [apellido1] => Chaparro
    [apellido2] => 
    [id_rol] => 1
    [usuario] => Juan123
    [clave] => $2y$10$0cpXjST1CXuqdgfEMH9IxOwcvoX.aAJvNgaBYKF/BlPKTy9Jdn2.y
    [correo] => juan@gmail.com
    [telefono] => 2147483647
    [fecha_ingreso] => 2024-09-03 04:30:44
    [id_estado] => 3
)

[03-Sep-2024 04:38:09 Europe/Berlin] Clave ingresada: Juanda123
[03-Sep-2024 04:38:09 Europe/Berlin] Clave en BD: $2y$10$0cpXjST1CXuqdgfEMH9IxOwcvoX.aAJvNgaBYKF/BlPKTy9Jdn2.y
[03-Sep-2024 04:38:09 Europe/Berlin] Resultado de password_verify: true
[03-Sep-2024 04:38:09 Europe/Berlin] Estado del usuario: 3
[03-Sep-2024 04:38:09 Europe/Berlin] Comparación de estado: false
[03-Sep-2024 04:38:09 Europe/Berlin] Hashed password: $2y$10$MGj34tRj8eG.o.6DLuVkd.MV92KNpypCdlrKMUkoEjf6uFy.MhzyK

[03-Sep-2024 04:38:09 Europe/Berlin] Stored password: $2y$10$0cpXjST1CXuqdgfEMH9IxOwcvoX.aAJvNgaBYKF/BlPKTy9Jdn2.y

[03-Sep-2024 04:38:10 Europe/Berlin] Passwords match: false

[03-Sep-2024 04:38:10 Europe/Berlin] Credenciales incorrectas para el usuario: Juan123
[03-Sep-2024 04:38:12 Europe/Berlin] Iniciando loginUser
[03-Sep-2024 04:38:12 Europe/Berlin] Usuario consultado: Array
(
    [id_tdoc] => 3
    [id_usuario] => 12452514
    [nombre1] => Juan
    [nombre2] => 
    [apellido1] => Chaparro
    [apellido2] => 
    [id_rol] => 1
    [usuario] => Juan123
    [clave] => $2y$10$0cpXjST1CXuqdgfEMH9IxOwcvoX.aAJvNgaBYKF/BlPKTy9Jdn2.y
    [correo] => juan@gmail.com
    [telefono] => 2147483647
    [fecha_ingreso] => 2024-09-03 04:30:44
    [id_estado] => 3
)

[03-Sep-2024 04:38:12 Europe/Berlin] Clave ingresada: Juanda123
[03-Sep-2024 04:38:12 Europe/Berlin] Clave en BD: $2y$10$0cpXjST1CXuqdgfEMH9IxOwcvoX.aAJvNgaBYKF/BlPKTy9Jdn2.y
[03-Sep-2024 04:38:12 Europe/Berlin] Resultado de password_verify: true
[03-Sep-2024 04:38:12 Europe/Berlin] Estado del usuario: 3
[03-Sep-2024 04:38:12 Europe/Berlin] Comparación de estado: false
[03-Sep-2024 04:38:12 Europe/Berlin] Hashed password: $2y$10$lfiDJ8Gj2IJYakricW7apeXhky/qgXoDoSvNJdYletwTTwpA1GXJW

[03-Sep-2024 04:38:12 Europe/Berlin] Stored password: $2y$10$0cpXjST1CXuqdgfEMH9IxOwcvoX.aAJvNgaBYKF/BlPKTy9Jdn2.y

[03-Sep-2024 04:38:12 Europe/Berlin] Passwords match: false

[03-Sep-2024 04:38:12 Europe/Berlin] Credenciales incorrectas para el usuario: Juan123
[03-Sep-2024 04:40:47 Europe/Berlin] Array
(
    [1_HojaVidaFuncionPublica] => Array
        (
            [name] => Soportes_Marzo.pdf
            [full_path] => Soportes_Marzo.pdf
            [type] => application/pdf
            [tmp_name] => C:\xampp\tmp\php89BD.tmp
            [error] => 0
            [size] => 997691
        )

    [1_DeclaracionJuramentadaLey4de1992] => Array
        (
            [name] => U-FT-12.010.069_Certificacion_determinacion_cedular_Rentas_de_Trabajo2.01__1_ (2).xlsx - Certificación Mensual SS (1).pdf
            [full_path] => U-FT-12.010.069_Certificacion_determinacion_cedular_Rentas_de_Trabajo2.01__1_ (2).xlsx - Certificación Mensual SS (1).pdf
            [type] => application/pdf
            [tmp_name] => C:\xampp\tmp\php89BE.tmp
            [error] => 0
            [size] => 168664
        )

    [1_VerificacionInhabilidadDelitoSexual] => Array
        (
            [name] => U.FT.12.011.020_Informe_de_ejecucion_de_actividades_orden_contractual.docx.pdf
            [full_path] => U.FT.12.011.020_Informe_de_ejecucion_de_actividades_orden_contractual.docx.pdf
            [type] => application/pdf
            [tmp_name] => C:\xampp\tmp\php89BF.tmp
            [error] => 0
            [size] => 99660
        )

    [1_AutorizacionNotificacionCorreoElec] => Array
        (
            [name] => U.FT.12.011.020_Informe_de_ejecucion_de_actividades_orden_contractual.docx.pdf
            [full_path] => U.FT.12.011.020_Informe_de_ejecucion_de_actividades_orden_contractual.docx.pdf
            [type] => application/pdf
            [tmp_name] => C:\xampp\tmp\php89C0.tmp
            [error] => 0
            [size] => 99660
        )

    [1_CompromisoInstitucionalVinculacion] => Array
        (
            [name] => U.FT.12.011.020_Informe_de_ejecucion_de_actividades_orden_contractual.docx.pdf
            [full_path] => U.FT.12.011.020_Informe_de_ejecucion_de_actividades_orden_contractual.docx.pdf
            [type] => application/pdf
            [tmp_name] => C:\xampp\tmp\php89D1.tmp
            [error] => 0
            [size] => 99660
        )

    [1_AutorizacionTratamientoDatPer] => Array
        (
            [name] => U.FT.12.011.020_Informe_de_ejecucion_de_actividades_orden_contractual.docx.pdf
            [full_path] => U.FT.12.011.020_Informe_de_ejecucion_de_actividades_orden_contractual.docx.pdf
            [type] => application/pdf
            [tmp_name] => C:\xampp\tmp\php89E1.tmp
            [error] => 0
            [size] => 99660
        )

    [1_VisaExtranjeria] => Array
        (
            [name] => 
            [full_path] => 
            [type] => 
            [tmp_name] => 
            [error] => 4
            [size] => 0
        )

    [1_FotocopiaLibretaMilitar] => Array
        (
            [name] => 
            [full_path] => 
            [type] => 
            [tmp_name] => 
            [error] => 4
            [size] => 0
        )

    [1_TarjetaProfesional] => Array
        (
            [name] => 
            [full_path] => 
            [type] => 
            [tmp_name] => 
            [error] => 4
            [size] => 0
        )

    [1_MatriculaProfesional] => Array
        (
            [name] => 
            [full_path] => 
            [type] => 
            [tmp_name] => 
            [error] => 4
            [size] => 0
        )

    [1_AvalSST] => Array
        (
            [name] => U.FT.12.011.020_Informe_de_ejecucion_de_actividades_orden_contractual.docx.pdf
            [full_path] => U.FT.12.011.020_Informe_de_ejecucion_de_actividades_orden_contractual.docx.pdf
            [type] => application/pdf
            [tmp_name] => C:\xampp\tmp\php89E2.tmp
            [error] => 0
            [size] => 99660
        )

    [1_certificadoCursandoPosgrado] => Array
        (
            [name] => 
            [full_path] => 
            [type] => 
            [tmp_name] => 
            [error] => 4
            [size] => 0
        )

    [1_CertificadoSegundaLengua] => Array
        (
            [name] => 
            [full_path] => 
            [type] => 
            [tmp_name] => 
            [error] => 4
            [size] => 0
        )

    [1_ExperienciaLaboral] => Array
        (
            [name] => U.FT.12.011.020_Informe_de_ejecucion_de_actividades_orden_contractual.docx.pdf
            [full_path] => U.FT.12.011.020_Informe_de_ejecucion_de_actividades_orden_contractual.docx.pdf
            [type] => application/pdf
            [tmp_name] => C:\xampp\tmp\php89E3.tmp
            [error] => 0
            [size] => 99660
        )

    [1_AntecedentesDisciplinariosProcuraduria] => Array
        (
            [name] => U.FT.12.011.020_Informe_de_ejecucion_de_actividades_orden_contractual.docx.pdf
            [full_path] => U.FT.12.011.020_Informe_de_ejecucion_de_actividades_orden_contractual.docx.pdf
            [type] => application/pdf
            [tmp_name] => C:\xampp\tmp\php89E4.tmp
            [error] => 0
            [size] => 99660
        )

    [1_AntecedenteFiscalContraloria] => Array
        (
            [name] => U.FT.12.011.020_Informe_de_ejecucion_de_actividades_orden_contractual.docx.pdf
            [full_path] => U.FT.12.011.020_Informe_de_ejecucion_de_actividades_orden_contractual.docx.pdf
            [type] => application/pdf
            [tmp_name] => C:\xampp\tmp\php89E5.tmp
            [error] => 0
            [size] => 99660
        )

    [1_AntecedenteJudicialPoliciaNal] => Array
        (
            [name] => U.FT.12.011.020_Informe_de_ejecucion_de_actividades_orden_contractual.docx.pdf
            [full_path] => U.FT.12.011.020_Informe_de_ejecucion_de_actividades_orden_contractual.docx.pdf
            [type] => application/pdf
            [tmp_name] => C:\xampp\tmp\php89F6.tmp
            [error] => 0
            [size] => 99660
        )

    [2_FormatoAfiliacionSeguridadSocial] => Array
        (
            [name] => U.FT.12.011.020_Informe_de_ejecucion_de_actividades_orden_contractual.docx.pdf
            [full_path] => U.FT.12.011.020_Informe_de_ejecucion_de_actividades_orden_contractual.docx.pdf
            [type] => application/pdf
            [tmp_name] => C:\xampp\tmp\php89F7.tmp
            [error] => 0
            [size] => 99660
        )

    [2_FormularioAfiliacionEps] => Array
        (
            [name] => U.FT.12.011.020_Informe_de_ejecucion_de_actividades_orden_contractual.docx.pdf
            [full_path] => U.FT.12.011.020_Informe_de_ejecucion_de_actividades_orden_contractual.docx.pdf
            [type] => application/pdf
            [tmp_name] => C:\xampp\tmp\php89F8.tmp
            [error] => 0
            [size] => 99660
        )

    [2_FormularioAfiliacionPension] => Array
        (
            [name] => U.FT.12.011.020_Informe_de_ejecucion_de_actividades_orden_contractual.docx.pdf
            [full_path] => U.FT.12.011.020_Informe_de_ejecucion_de_actividades_orden_contractual.docx.pdf
            [type] => application/pdf
            [tmp_name] => C:\xampp\tmp\php89F9.tmp
            [error] => 0
            [size] => 99660
        )

    [2_CertificadoCuentaBancaria] => Array
        (
            [name] => U.FT.12.011.020_Informe_de_ejecucion_de_actividades_orden_contractual.docx.pdf
            [full_path] => U.FT.12.011.020_Informe_de_ejecucion_de_actividades_orden_contractual.docx.pdf
            [type] => application/pdf
            [tmp_name] => C:\xampp\tmp\php8A0A.tmp
            [error] => 0
            [size] => 99660
        )

    [2_CertificadoAfiliacionUltimaEPS] => Array
        (
            [name] => U.FT.12.011.020_Informe_de_ejecucion_de_actividades_orden_contractual.docx.pdf
            [full_path] => U.FT.12.011.020_Informe_de_ejecucion_de_actividades_orden_contractual.docx.pdf
            [type] => application/pdf
            [tmp_name] => C:\xampp\tmp\php8A1A.tmp
            [error] => 0
            [size] => 99660
        )

    [2_CertificadoAfiliacionFondoPensiones] => Array
        (
            [name] => U.FT.12.011.020_Informe_de_ejecucion_de_actividades_orden_contractual.docx.pdf
            [full_path] => U.FT.12.011.020_Informe_de_ejecucion_de_actividades_orden_contractual.docx.pdf
            [type] => application/pdf
            [tmp_name] => C:\xampp\tmp\php8A3A.tmp
            [error] => 0
            [size] => 99660
        )

    [2_CedulaCiudadania] => Array
        (
            [name] => U.FT.12.011.020_Informe_de_ejecucion_de_actividades_orden_contractual.docx.pdf
            [full_path] => U.FT.12.011.020_Informe_de_ejecucion_de_actividades_orden_contractual.docx.pdf
            [type] => application/pdf
            [tmp_name] => C:\xampp\tmp\php8A4B.tmp
            [error] => 0
            [size] => 99660
        )

    [2_DeclaPensionadoSolPensionenTramite] => Array
        (
            [name] => 
            [full_path] => 
            [type] => 
            [tmp_name] => 
            [error] => 4
            [size] => 0
        )

    [2_AsignaturasDiasHorarios] => Array
        (
            [name] => 
            [full_path] => 
            [type] => 
            [tmp_name] => 
            [error] => 4
            [size] => 0
        )

    [2_ResolucionNombramiento] => Array
        (
            [name] => 
            [full_path] => 
            [type] => 
            [tmp_name] => 
            [error] => 4
            [size] => 0
        )

)

[03-Sep-2024 04:40:47 Europe/Berlin] variable MIME:application/pdf
[03-Sep-2024 04:40:47 Europe/Berlin] variable MIME:application/pdf
[03-Sep-2024 04:40:47 Europe/Berlin] variable MIME:application/pdf
[03-Sep-2024 04:40:47 Europe/Berlin] variable MIME:application/pdf
[03-Sep-2024 04:40:47 Europe/Berlin] variable MIME:application/pdf
[03-Sep-2024 04:40:47 Europe/Berlin] variable MIME:application/pdf
[03-Sep-2024 04:40:47 Europe/Berlin] variable MIME:application/pdf
[03-Sep-2024 04:40:47 Europe/Berlin] variable MIME:application/pdf
[03-Sep-2024 04:40:47 Europe/Berlin] variable MIME:application/pdf
[03-Sep-2024 04:40:47 Europe/Berlin] variable MIME:application/pdf
[03-Sep-2024 04:40:47 Europe/Berlin] variable MIME:application/pdf
[03-Sep-2024 04:40:47 Europe/Berlin] variable MIME:application/pdf
[03-Sep-2024 04:40:47 Europe/Berlin] variable MIME:application/pdf
[03-Sep-2024 04:40:47 Europe/Berlin] variable MIME:application/pdf
[03-Sep-2024 04:40:47 Europe/Berlin] variable MIME:application/pdf
[03-Sep-2024 04:40:47 Europe/Berlin] variable MIME:application/pdf
[03-Sep-2024 04:40:47 Europe/Berlin] variable MIME:application/pdf
[03-Sep-2024 04:40:47 Europe/Berlin] variable MIME:application/pdf
[03-Sep-2024 04:40:58 Europe/Berlin] Iniciando loginUser
[03-Sep-2024 04:40:58 Europe/Berlin] Usuario consultado: Array
(
    [id_tdoc] => 1
    [id_usuario] => 1031524325
    [nombre1] => Juan
    [nombre2] => 
    [apellido1] => Casallas
    [apellido2] => 
    [id_rol] => 1
    [usuario] => Juann
    [clave] => $2y$10$31H0xePr7MXwGLSKE4cncOjv13w3tSnrYTw1BwkM3xDFyoFtZj3im
    [correo] => juan@gmail.com
    [telefono] => 2147483647
    [fecha_ingreso] => 2024-09-03 04:40:47
    [id_estado] => 3
)

[03-Sep-2024 04:40:58 Europe/Berlin] Clave ingresada: Juanda123
[03-Sep-2024 04:40:58 Europe/Berlin] Clave en BD: $2y$10$31H0xePr7MXwGLSKE4cncOjv13w3tSnrYTw1BwkM3xDFyoFtZj3im
[03-Sep-2024 04:40:58 Europe/Berlin] Resultado de password_verify: true
[03-Sep-2024 04:40:58 Europe/Berlin] Estado del usuario: 3
[03-Sep-2024 04:40:58 Europe/Berlin] Comparación de estado: false
[03-Sep-2024 04:40:58 Europe/Berlin] Hashed password: $2y$10$tInDLh0Suk.09u07Ijakmuehz3xb0dGiixsz/RPji7LnHq7kshNM.

[03-Sep-2024 04:40:58 Europe/Berlin] Stored password: $2y$10$31H0xePr7MXwGLSKE4cncOjv13w3tSnrYTw1BwkM3xDFyoFtZj3im

[03-Sep-2024 04:40:58 Europe/Berlin] Passwords match: false

[03-Sep-2024 04:40:58 Europe/Berlin] Credenciales incorrectas para el usuario: Juann
[03-Sep-2024 04:41:15 Europe/Berlin] Iniciando loginUser
[03-Sep-2024 04:41:15 Europe/Berlin] Usuario consultado: Array
(
    [id_tdoc] => 1
    [id_usuario] => 1031642393
    [nombre1] => Sergio
    [nombre2] => Esteban
    [apellido1] => Chaparro
    [apellido2] => Noguera
    [id_rol] => 3
    [usuario] => Serch
    [clave] => $2y$10$S6mZqH8ie24Y70WgDEtGeuHo43ZC0ZQTfmNVCu62.DoZ2rg6SLEoi
    [correo] => sechaparron@unal.edu.co
    [telefono] => 313270352
    [fecha_ingreso] => 2024-09-01 23:10:45
    [id_estado] => 1
)

[03-Sep-2024 04:41:15 Europe/Berlin] Clave ingresada: 4dMn^$G4Vwsc
[03-Sep-2024 04:41:15 Europe/Berlin] Clave en BD: $2y$10$S6mZqH8ie24Y70WgDEtGeuHo43ZC0ZQTfmNVCu62.DoZ2rg6SLEoi
[03-Sep-2024 04:41:15 Europe/Berlin] Resultado de password_verify: true
[03-Sep-2024 04:41:15 Europe/Berlin] Estado del usuario: 1
[03-Sep-2024 04:41:15 Europe/Berlin] Comparación de estado: true
[03-Sep-2024 04:41:15 Europe/Berlin] Hashed password: $2y$10$gcjzIavj.HNiI10mpgSKUOPUZT81DNvSTlvQRUhcXVC0yb6HoYLgq

[03-Sep-2024 04:41:15 Europe/Berlin] Stored password: $2y$10$S6mZqH8ie24Y70WgDEtGeuHo43ZC0ZQTfmNVCu62.DoZ2rg6SLEoi

[03-Sep-2024 04:41:15 Europe/Berlin] Passwords match: false

[03-Sep-2024 04:41:15 Europe/Berlin] Inicio de sesión exitoso para el usuario: Serch
[03-Sep-2024 04:41:41 Europe/Berlin] Iniciando loginUser
[03-Sep-2024 04:41:41 Europe/Berlin] Usuario consultado: Array
(
    [id_tdoc] => 1
    [id_usuario] => 1031642393
    [nombre1] => Sergio
    [nombre2] => Esteban
    [apellido1] => Chaparro
    [apellido2] => Noguera
    [id_rol] => 3
    [usuario] => Serch
    [clave] => $2y$10$S6mZqH8ie24Y70WgDEtGeuHo43ZC0ZQTfmNVCu62.DoZ2rg6SLEoi
    [correo] => sechaparron@unal.edu.co
    [telefono] => 313270352
    [fecha_ingreso] => 2024-09-01 23:10:45
    [id_estado] => 1
)

[03-Sep-2024 04:41:41 Europe/Berlin] Clave ingresada: 4dMn^$G4Vwsc
[03-Sep-2024 04:41:41 Europe/Berlin] Clave en BD: $2y$10$S6mZqH8ie24Y70WgDEtGeuHo43ZC0ZQTfmNVCu62.DoZ2rg6SLEoi
[03-Sep-2024 04:41:41 Europe/Berlin] Resultado de password_verify: true
[03-Sep-2024 04:41:41 Europe/Berlin] Estado del usuario: 1
[03-Sep-2024 04:41:41 Europe/Berlin] Comparación de estado: true
[03-Sep-2024 04:41:41 Europe/Berlin] Hashed password: $2y$10$PqLt.h0XRQm5aPnd1AuoWeTsuEtdnrOAo0pWd4Kax29UvrUKKWVs6

[03-Sep-2024 04:41:41 Europe/Berlin] Stored password: $2y$10$S6mZqH8ie24Y70WgDEtGeuHo43ZC0ZQTfmNVCu62.DoZ2rg6SLEoi

[03-Sep-2024 04:41:41 Europe/Berlin] Passwords match: false

[03-Sep-2024 04:41:41 Europe/Berlin] Inicio de sesión exitoso para el usuario: Serch
[03-Sep-2024 04:41:46 Europe/Berlin] Iniciando loginUser
[03-Sep-2024 04:41:46 Europe/Berlin] Usuario consultado: Array
(
    [id_tdoc] => 1
    [id_usuario] => 1031524325
    [nombre1] => Juan
    [nombre2] => 
    [apellido1] => Casallas
    [apellido2] => 
    [id_rol] => 1
    [usuario] => Juann
    [clave] => $2y$10$31H0xePr7MXwGLSKE4cncOjv13w3tSnrYTw1BwkM3xDFyoFtZj3im
    [correo] => juan@gmail.com
    [telefono] => 2147483647
    [fecha_ingreso] => 2024-09-03 04:40:47
    [id_estado] => 1
)

[03-Sep-2024 04:41:46 Europe/Berlin] Clave ingresada: Juanda123
[03-Sep-2024 04:41:46 Europe/Berlin] Clave en BD: $2y$10$31H0xePr7MXwGLSKE4cncOjv13w3tSnrYTw1BwkM3xDFyoFtZj3im
[03-Sep-2024 04:41:46 Europe/Berlin] Resultado de password_verify: true
[03-Sep-2024 04:41:46 Europe/Berlin] Estado del usuario: 1
[03-Sep-2024 04:41:46 Europe/Berlin] Comparación de estado: true
[03-Sep-2024 04:41:46 Europe/Berlin] Hashed password: $2y$10$B7Q9Fsm5gW5kmZ7ZFMUxB.6.trKaJUDvkxVksfE1.oz3.ZrTLyPPO

[03-Sep-2024 04:41:46 Europe/Berlin] Stored password: $2y$10$31H0xePr7MXwGLSKE4cncOjv13w3tSnrYTw1BwkM3xDFyoFtZj3im

[03-Sep-2024 04:41:46 Europe/Berlin] Passwords match: false

[03-Sep-2024 04:41:46 Europe/Berlin] Inicio de sesión exitoso para el usuario: Juann
[03-Sep-2024 04:42:09 Europe/Berlin] Iniciando loginUser
[03-Sep-2024 04:42:09 Europe/Berlin] Usuario consultado: Array
(
    [id_tdoc] => 1
    [id_usuario] => 1031524325
    [nombre1] => Juan
    [nombre2] => 
    [apellido1] => Casallas
    [apellido2] => 
    [id_rol] => 1
    [usuario] => Juann
    [clave] => $2y$10$31H0xePr7MXwGLSKE4cncOjv13w3tSnrYTw1BwkM3xDFyoFtZj3im
    [correo] => juan@gmail.com
    [telefono] => 2147483647
    [fecha_ingreso] => 2024-09-03 04:40:47
    [id_estado] => 2
)

[03-Sep-2024 04:42:09 Europe/Berlin] Clave ingresada: Juanda123
[03-Sep-2024 04:42:09 Europe/Berlin] Clave en BD: $2y$10$31H0xePr7MXwGLSKE4cncOjv13w3tSnrYTw1BwkM3xDFyoFtZj3im
[03-Sep-2024 04:42:09 Europe/Berlin] Resultado de password_verify: true
[03-Sep-2024 04:42:09 Europe/Berlin] Estado del usuario: 2
[03-Sep-2024 04:42:09 Europe/Berlin] Comparación de estado: false
[03-Sep-2024 04:42:09 Europe/Berlin] Hashed password: $2y$10$vW4Yxqr2z1Z4HczwUKP7Y.bat8XGIhvYX5sWodLt6BhDjVexKe51.

[03-Sep-2024 04:42:09 Europe/Berlin] Stored password: $2y$10$31H0xePr7MXwGLSKE4cncOjv13w3tSnrYTw1BwkM3xDFyoFtZj3im

[03-Sep-2024 04:42:09 Europe/Berlin] Passwords match: false

[03-Sep-2024 04:42:09 Europe/Berlin] El usuario Juann está inactivo
[03-Sep-2024 04:42:44 Europe/Berlin] Iniciando loginUser
[03-Sep-2024 04:42:44 Europe/Berlin] Usuario consultado: Array
(
    [id_tdoc] => 1
    [id_usuario] => 1031524325
    [nombre1] => Juan
    [nombre2] => 
    [apellido1] => Casallas
    [apellido2] => 
    [id_rol] => 1
    [usuario] => Juann
    [clave] => $2y$10$31H0xePr7MXwGLSKE4cncOjv13w3tSnrYTw1BwkM3xDFyoFtZj3im
    [correo] => juan@gmail.com
    [telefono] => 2147483647
    [fecha_ingreso] => 2024-09-03 04:40:47
    [id_estado] => 2
)

[03-Sep-2024 04:42:44 Europe/Berlin] Clave ingresada: Juanda123
[03-Sep-2024 04:42:44 Europe/Berlin] Clave en BD: $2y$10$31H0xePr7MXwGLSKE4cncOjv13w3tSnrYTw1BwkM3xDFyoFtZj3im
[03-Sep-2024 04:42:44 Europe/Berlin] Resultado de password_verify: true
[03-Sep-2024 04:42:44 Europe/Berlin] Estado del usuario: 2
[03-Sep-2024 04:42:44 Europe/Berlin] Comparación de estado: false
[03-Sep-2024 04:42:44 Europe/Berlin] Hashed password: $2y$10$7o8ZcFQJWJMDJ17Owpe36OtjAyoaXXSHrcGTuKlFNDDI1RUukJfl2

[03-Sep-2024 04:42:44 Europe/Berlin] Stored password: $2y$10$31H0xePr7MXwGLSKE4cncOjv13w3tSnrYTw1BwkM3xDFyoFtZj3im

[03-Sep-2024 04:42:44 Europe/Berlin] Passwords match: false

[03-Sep-2024 04:42:45 Europe/Berlin] El usuario Juann está inactivo
[03-Sep-2024 04:50:39 Europe/Berlin] Iniciando loginUser
[03-Sep-2024 04:50:39 Europe/Berlin] Usuario consultado: Array
(
    [id_tdoc] => 1
    [id_usuario] => 1031524325
    [nombre1] => Juan
    [nombre2] => 
    [apellido1] => Casallas
    [apellido2] => 
    [id_rol] => 1
    [usuario] => Juann
    [clave] => $2y$10$31H0xePr7MXwGLSKE4cncOjv13w3tSnrYTw1BwkM3xDFyoFtZj3im
    [correo] => juan@gmail.com
    [telefono] => 2147483647
    [fecha_ingreso] => 2024-09-03 04:40:47
    [id_estado] => 2
)

[03-Sep-2024 04:50:39 Europe/Berlin] Clave ingresada: Juanda123
[03-Sep-2024 04:50:39 Europe/Berlin] Clave en BD: $2y$10$31H0xePr7MXwGLSKE4cncOjv13w3tSnrYTw1BwkM3xDFyoFtZj3im
[03-Sep-2024 04:50:39 Europe/Berlin] Resultado de password_verify: true
[03-Sep-2024 04:50:39 Europe/Berlin] Estado del usuario: 2
[03-Sep-2024 04:50:39 Europe/Berlin] Comparación de estado: false
[03-Sep-2024 04:50:39 Europe/Berlin] Hashed password: $2y$10$qvZgCbmq7fb0tHU/uPpYRud2R2Z7WEwTIEqWIx50G0VAkOvKCxcL2

[03-Sep-2024 04:50:39 Europe/Berlin] Stored password: $2y$10$31H0xePr7MXwGLSKE4cncOjv13w3tSnrYTw1BwkM3xDFyoFtZj3im

[03-Sep-2024 04:50:40 Europe/Berlin] Passwords match: false

[03-Sep-2024 04:50:40 Europe/Berlin] El usuario Juann está inactivo
[03-Sep-2024 04:52:35 Europe/Berlin] Iniciando loginUser
[03-Sep-2024 04:52:35 Europe/Berlin] Usuario consultado: Array
(
    [id_tdoc] => 1
    [id_usuario] => 1031524325
    [nombre1] => Juan
    [nombre2] => 
    [apellido1] => Casallas
    [apellido2] => 
    [id_rol] => 1
    [usuario] => Juann
    [clave] => $2y$10$31H0xePr7MXwGLSKE4cncOjv13w3tSnrYTw1BwkM3xDFyoFtZj3im
    [correo] => juan@gmail.com
    [telefono] => 2147483647
    [fecha_ingreso] => 2024-09-03 04:40:47
    [id_estado] => 3
)

[03-Sep-2024 04:52:35 Europe/Berlin] Clave ingresada: Juanda123
[03-Sep-2024 04:52:35 Europe/Berlin] Clave en BD: $2y$10$31H0xePr7MXwGLSKE4cncOjv13w3tSnrYTw1BwkM3xDFyoFtZj3im
[03-Sep-2024 04:52:35 Europe/Berlin] Resultado de password_verify: true
[03-Sep-2024 04:52:35 Europe/Berlin] Estado del usuario: 3
[03-Sep-2024 04:52:35 Europe/Berlin] Comparación de estado: false
[03-Sep-2024 04:52:35 Europe/Berlin] Hashed password: $2y$10$aje9IccedPOfROmdVveN0eXs8BTy44a/1kSsUypXHwQvfuN2s0ohi

[03-Sep-2024 04:52:35 Europe/Berlin] Stored password: $2y$10$31H0xePr7MXwGLSKE4cncOjv13w3tSnrYTw1BwkM3xDFyoFtZj3im

[03-Sep-2024 04:52:35 Europe/Berlin] Passwords match: false

[03-Sep-2024 04:52:36 Europe/Berlin] El usuario Juann está pendiente de aprobación
[03-Sep-2024 04:52:39 Europe/Berlin] Iniciando loginUser
[03-Sep-2024 04:52:39 Europe/Berlin] Usuario consultado: Array
(
    [id_tdoc] => 1
    [id_usuario] => 1031524325
    [nombre1] => Juan
    [nombre2] => 
    [apellido1] => Casallas
    [apellido2] => 
    [id_rol] => 1
    [usuario] => Juann
    [clave] => $2y$10$31H0xePr7MXwGLSKE4cncOjv13w3tSnrYTw1BwkM3xDFyoFtZj3im
    [correo] => juan@gmail.com
    [telefono] => 2147483647
    [fecha_ingreso] => 2024-09-03 04:40:47
    [id_estado] => 3
)

[03-Sep-2024 04:52:39 Europe/Berlin] Clave ingresada: Juanda123
[03-Sep-2024 04:52:39 Europe/Berlin] Clave en BD: $2y$10$31H0xePr7MXwGLSKE4cncOjv13w3tSnrYTw1BwkM3xDFyoFtZj3im
[03-Sep-2024 04:52:39 Europe/Berlin] Resultado de password_verify: true
[03-Sep-2024 04:52:39 Europe/Berlin] Estado del usuario: 3
[03-Sep-2024 04:52:39 Europe/Berlin] Comparación de estado: false
[03-Sep-2024 04:52:39 Europe/Berlin] Hashed password: $2y$10$.edDbNOHLaZKY93S2P4TXOpT8CAi0T2kvxTaeWsze6NIaHAty627.

[03-Sep-2024 04:52:39 Europe/Berlin] Stored password: $2y$10$31H0xePr7MXwGLSKE4cncOjv13w3tSnrYTw1BwkM3xDFyoFtZj3im

[03-Sep-2024 04:52:39 Europe/Berlin] Passwords match: false

[03-Sep-2024 04:52:40 Europe/Berlin] El usuario Juann está pendiente de aprobación
[03-Sep-2024 04:52:41 Europe/Berlin] Iniciando loginUser
[03-Sep-2024 04:52:41 Europe/Berlin] Usuario consultado: Array
(
    [id_tdoc] => 1
    [id_usuario] => 1031524325
    [nombre1] => Juan
    [nombre2] => 
    [apellido1] => Casallas
    [apellido2] => 
    [id_rol] => 1
    [usuario] => Juann
    [clave] => $2y$10$31H0xePr7MXwGLSKE4cncOjv13w3tSnrYTw1BwkM3xDFyoFtZj3im
    [correo] => juan@gmail.com
    [telefono] => 2147483647
    [fecha_ingreso] => 2024-09-03 04:40:47
    [id_estado] => 3
)

[03-Sep-2024 04:52:41 Europe/Berlin] Clave ingresada: Juanda123
[03-Sep-2024 04:52:41 Europe/Berlin] Clave en BD: $2y$10$31H0xePr7MXwGLSKE4cncOjv13w3tSnrYTw1BwkM3xDFyoFtZj3im
[03-Sep-2024 04:52:41 Europe/Berlin] Resultado de password_verify: true
[03-Sep-2024 04:52:41 Europe/Berlin] Estado del usuario: 3
[03-Sep-2024 04:52:41 Europe/Berlin] Comparación de estado: false
[03-Sep-2024 04:52:41 Europe/Berlin] Hashed password: $2y$10$Zj0GKlOGxpb6Akf2ccIaQedOnv4DnK.ufrhGx58ITew.CtCC3NJx6

[03-Sep-2024 04:52:41 Europe/Berlin] Stored password: $2y$10$31H0xePr7MXwGLSKE4cncOjv13w3tSnrYTw1BwkM3xDFyoFtZj3im

[03-Sep-2024 04:52:41 Europe/Berlin] Passwords match: false

[03-Sep-2024 04:52:41 Europe/Berlin] El usuario Juann está pendiente de aprobación
[03-Sep-2024 04:52:43 Europe/Berlin] Iniciando loginUser
[03-Sep-2024 04:52:43 Europe/Berlin] Usuario consultado: Array
(
    [id_tdoc] => 1
    [id_usuario] => 1031524325
    [nombre1] => Juan
    [nombre2] => 
    [apellido1] => Casallas
    [apellido2] => 
    [id_rol] => 1
    [usuario] => Juann
    [clave] => $2y$10$31H0xePr7MXwGLSKE4cncOjv13w3tSnrYTw1BwkM3xDFyoFtZj3im
    [correo] => juan@gmail.com
    [telefono] => 2147483647
    [fecha_ingreso] => 2024-09-03 04:40:47
    [id_estado] => 3
)

[03-Sep-2024 04:52:43 Europe/Berlin] Clave ingresada: Juanda123
[03-Sep-2024 04:52:43 Europe/Berlin] Clave en BD: $2y$10$31H0xePr7MXwGLSKE4cncOjv13w3tSnrYTw1BwkM3xDFyoFtZj3im
[03-Sep-2024 04:52:43 Europe/Berlin] Resultado de password_verify: true
[03-Sep-2024 04:52:43 Europe/Berlin] Estado del usuario: 3
[03-Sep-2024 04:52:43 Europe/Berlin] Comparación de estado: false
[03-Sep-2024 04:52:43 Europe/Berlin] Hashed password: $2y$10$yM1HHzhdktRwJGSIYB8OmuH4t3rjL5U/ORQE2JVnUIo9i3fUoK5bC

[03-Sep-2024 04:52:43 Europe/Berlin] Stored password: $2y$10$31H0xePr7MXwGLSKE4cncOjv13w3tSnrYTw1BwkM3xDFyoFtZj3im

[03-Sep-2024 04:52:43 Europe/Berlin] Passwords match: false

[03-Sep-2024 04:52:43 Europe/Berlin] El usuario Juann está pendiente de aprobación
[03-Sep-2024 04:54:16 Europe/Berlin] Iniciando loginUser
[03-Sep-2024 04:54:16 Europe/Berlin] Usuario consultado: Array
(
    [id_tdoc] => 1
    [id_usuario] => 1031642393
    [nombre1] => Sergio
    [nombre2] => Esteban
    [apellido1] => Chaparro
    [apellido2] => Noguera
    [id_rol] => 3
    [usuario] => Serch
    [clave] => $2y$10$S6mZqH8ie24Y70WgDEtGeuHo43ZC0ZQTfmNVCu62.DoZ2rg6SLEoi
    [correo] => sechaparron@unal.edu.co
    [telefono] => 313270352
    [fecha_ingreso] => 2024-09-01 23:10:45
    [id_estado] => 1
)

[03-Sep-2024 04:54:16 Europe/Berlin] Clave ingresada: 4dMn^$G4Vwsc
[03-Sep-2024 04:54:16 Europe/Berlin] Clave en BD: $2y$10$S6mZqH8ie24Y70WgDEtGeuHo43ZC0ZQTfmNVCu62.DoZ2rg6SLEoi
[03-Sep-2024 04:54:16 Europe/Berlin] Resultado de password_verify: true
[03-Sep-2024 04:54:16 Europe/Berlin] Estado del usuario: 1
[03-Sep-2024 04:54:16 Europe/Berlin] Comparación de estado: true
[03-Sep-2024 04:54:16 Europe/Berlin] Hashed password: $2y$10$vCdWvKl0HK3wjf0lihiTTuIXRLdI.oz1Q3PNbFThaXhGYNPxPoxRG

[03-Sep-2024 04:54:16 Europe/Berlin] Stored password: $2y$10$S6mZqH8ie24Y70WgDEtGeuHo43ZC0ZQTfmNVCu62.DoZ2rg6SLEoi

[03-Sep-2024 04:54:16 Europe/Berlin] Passwords match: false

[03-Sep-2024 04:54:16 Europe/Berlin] Inicio de sesión exitoso para el usuario: Serch
[03-Sep-2024 16:57:54 Europe/Berlin] Iniciando loginUser
[03-Sep-2024 16:57:55 Europe/Berlin] Usuario consultado: Array
(
    [id_tdoc] => 2
    [id_usuario] => 134521541
    [nombre1] => Juan
    [nombre2] => 
    [apellido1] => Casallas
    [apellido2] => 
    [id_rol] => 1
    [usuario] => Juann
    [clave] => $2y$10$.Jd1TAWU9u54udKTmRm7PeelJ148/ZawLqnAglSoTA0dKZ94vUIWq
    [correo] => juan@gmail.com
    [telefono] => 2147483647
    [fecha_ingreso] => 2024-09-03 16:57:46
    [id_estado] => 3
)

[03-Sep-2024 16:57:55 Europe/Berlin] Clave ingresada: Juanda123
[03-Sep-2024 16:57:55 Europe/Berlin] Clave en BD: $2y$10$.Jd1TAWU9u54udKTmRm7PeelJ148/ZawLqnAglSoTA0dKZ94vUIWq
[03-Sep-2024 16:57:55 Europe/Berlin] Resultado de password_verify: true
[03-Sep-2024 16:57:55 Europe/Berlin] Estado del usuario: 3
[03-Sep-2024 16:57:55 Europe/Berlin] Comparación de estado: false
[03-Sep-2024 16:57:55 Europe/Berlin] Hashed password: $2y$10$2GN/7U6dDwrMX9bp9CTeN.BR/bNNoD/znLZcPx/Nb9.2hVcJAy3/6

[03-Sep-2024 16:57:55 Europe/Berlin] Stored password: $2y$10$.Jd1TAWU9u54udKTmRm7PeelJ148/ZawLqnAglSoTA0dKZ94vUIWq

[03-Sep-2024 16:57:55 Europe/Berlin] Passwords match: false

[03-Sep-2024 16:57:56 Europe/Berlin] El usuario Juann está pendiente de aprobación
[03-Sep-2024 16:57:58 Europe/Berlin] Iniciando loginUser
[03-Sep-2024 16:57:58 Europe/Berlin] Usuario consultado: Array
(
    [id_tdoc] => 2
    [id_usuario] => 134521541
    [nombre1] => Juan
    [nombre2] => 
    [apellido1] => Casallas
    [apellido2] => 
    [id_rol] => 1
    [usuario] => Juann
    [clave] => $2y$10$.Jd1TAWU9u54udKTmRm7PeelJ148/ZawLqnAglSoTA0dKZ94vUIWq
    [correo] => juan@gmail.com
    [telefono] => 2147483647
    [fecha_ingreso] => 2024-09-03 16:57:46
    [id_estado] => 3
)

[03-Sep-2024 16:57:58 Europe/Berlin] Clave ingresada: Juanda123
[03-Sep-2024 16:57:58 Europe/Berlin] Clave en BD: $2y$10$.Jd1TAWU9u54udKTmRm7PeelJ148/ZawLqnAglSoTA0dKZ94vUIWq
[03-Sep-2024 16:57:58 Europe/Berlin] Resultado de password_verify: true
[03-Sep-2024 16:57:58 Europe/Berlin] Estado del usuario: 3
[03-Sep-2024 16:57:58 Europe/Berlin] Comparación de estado: false
[03-Sep-2024 16:57:58 Europe/Berlin] Hashed password: $2y$10$CF4Lzn6a2oY5SBwHmcYHleomEbfsqEwd6zuXyzTDc0h8NIBqmM8WS

[03-Sep-2024 16:57:58 Europe/Berlin] Stored password: $2y$10$.Jd1TAWU9u54udKTmRm7PeelJ148/ZawLqnAglSoTA0dKZ94vUIWq

[03-Sep-2024 16:57:58 Europe/Berlin] Passwords match: false

[03-Sep-2024 16:57:58 Europe/Berlin] El usuario Juann está pendiente de aprobación
[03-Sep-2024 17:01:30 Europe/Berlin] Iniciando loginUser
[03-Sep-2024 17:01:30 Europe/Berlin] Usuario consultado: Array
(
    [id_tdoc] => 1
    [id_usuario] => 1031642393
    [nombre1] => Sergio
    [nombre2] => Esteban
    [apellido1] => Chaparro
    [apellido2] => Noguera
    [id_rol] => 3
    [usuario] => Serch
    [clave] => $2y$10$S6mZqH8ie24Y70WgDEtGeuHo43ZC0ZQTfmNVCu62.DoZ2rg6SLEoi
    [correo] => sechaparron@unal.edu.co
    [telefono] => 313270352
    [fecha_ingreso] => 2024-09-01 23:10:45
    [id_estado] => 1
)

[03-Sep-2024 17:01:30 Europe/Berlin] Clave ingresada: 4dMn^$G4Vwsc
[03-Sep-2024 17:01:30 Europe/Berlin] Clave en BD: $2y$10$S6mZqH8ie24Y70WgDEtGeuHo43ZC0ZQTfmNVCu62.DoZ2rg6SLEoi
[03-Sep-2024 17:01:30 Europe/Berlin] Resultado de password_verify: true
[03-Sep-2024 17:01:30 Europe/Berlin] Estado del usuario: 1
[03-Sep-2024 17:01:30 Europe/Berlin] Comparación de estado: true
[03-Sep-2024 17:01:30 Europe/Berlin] Hashed password: $2y$10$Q49hBWHyxizoe3x8fR4ICOjyzzmhpvA9sB7vHHXdJeag3yR/x6tlO

[03-Sep-2024 17:01:30 Europe/Berlin] Stored password: $2y$10$S6mZqH8ie24Y70WgDEtGeuHo43ZC0ZQTfmNVCu62.DoZ2rg6SLEoi

[03-Sep-2024 17:01:30 Europe/Berlin] Passwords match: false

[03-Sep-2024 17:01:31 Europe/Berlin] Inicio de sesión exitoso para el usuario: Serch
[03-Sep-2024 23:42:48 Europe/Berlin] Iniciando loginUser
[03-Sep-2024 23:42:48 Europe/Berlin] Usuario consultado: Array
(
    [id_tdoc] => 1
    [id_usuario] => 1031642393
    [nombre1] => Sergio
    [nombre2] => Esteban
    [apellido1] => Chaparro
    [apellido2] => Noguera
    [id_rol] => 3
    [usuario] => Serch
    [clave] => $2y$10$S6mZqH8ie24Y70WgDEtGeuHo43ZC0ZQTfmNVCu62.DoZ2rg6SLEoi
    [correo] => sechaparron@unal.edu.co
    [telefono] => 313270352
    [fecha_ingreso] => 2024-09-01 23:10:45
    [id_estado] => 1
)

[03-Sep-2024 23:42:48 Europe/Berlin] Clave ingresada: 4dMn^$G4Vwsc
[03-Sep-2024 23:42:48 Europe/Berlin] Clave en BD: $2y$10$S6mZqH8ie24Y70WgDEtGeuHo43ZC0ZQTfmNVCu62.DoZ2rg6SLEoi
[03-Sep-2024 23:42:48 Europe/Berlin] Resultado de password_verify: true
[03-Sep-2024 23:42:48 Europe/Berlin] Estado del usuario: 1
[03-Sep-2024 23:42:48 Europe/Berlin] Comparación de estado: true
[03-Sep-2024 23:42:48 Europe/Berlin] Hashed password: $2y$10$w6O2H6xcD5fCbDn1HwkS1eIL5.r51SWOl.f29YBoAckYvoDMtfCbu

[03-Sep-2024 23:42:48 Europe/Berlin] Stored password: $2y$10$S6mZqH8ie24Y70WgDEtGeuHo43ZC0ZQTfmNVCu62.DoZ2rg6SLEoi

[03-Sep-2024 23:42:48 Europe/Berlin] Passwords match: false

[03-Sep-2024 23:42:48 Europe/Berlin] Inicio de sesión exitoso para el usuario: Serch
[04-Sep-2024 21:41:56 Europe/Berlin] Iniciando loginUser
[04-Sep-2024 21:41:56 Europe/Berlin] Usuario consultado: Array
(
    [id_tdoc] => 1
    [id_usuario] => 1042518654
    [nombre1] => Santiago
    [nombre2] => 
    [apellido1] => Rodríguez
    [apellido2] => 
    [id_rol] => 1
    [usuario] => santi123
    [clave] => $2y$10$HDsAtDA6XAHtuPM2JpV9r.G.R40aE1A7xHATLq7AVXlf/o7TtdfmG
    [correo] => santiago@gmail.com
    [telefono] => 2147483647
    [fecha_ingreso] => 2024-09-04 21:41:42
    [id_estado] => 3
)

[04-Sep-2024 21:41:56 Europe/Berlin] Clave ingresada: Santi123
[04-Sep-2024 21:41:56 Europe/Berlin] Clave en BD: $2y$10$HDsAtDA6XAHtuPM2JpV9r.G.R40aE1A7xHATLq7AVXlf/o7TtdfmG
[04-Sep-2024 21:41:56 Europe/Berlin] Resultado de password_verify: true
[04-Sep-2024 21:41:56 Europe/Berlin] Estado del usuario: 3
[04-Sep-2024 21:41:56 Europe/Berlin] Comparación de estado: false
[04-Sep-2024 21:41:56 Europe/Berlin] Hashed password: $2y$10$YMJakWnzp0b2kLy523OSQeh8AVOFnqEtWGRGpzF8oDEuSEC5O00fa

[04-Sep-2024 21:41:56 Europe/Berlin] Stored password: $2y$10$HDsAtDA6XAHtuPM2JpV9r.G.R40aE1A7xHATLq7AVXlf/o7TtdfmG

[04-Sep-2024 21:41:56 Europe/Berlin] Passwords match: false

[04-Sep-2024 21:41:56 Europe/Berlin] El usuario santi123 está pendiente de aprobación
[04-Sep-2024 21:46:08 Europe/Berlin] Iniciando loginUser
[04-Sep-2024 21:46:08 Europe/Berlin] Usuario consultado: Array
(
    [id_tdoc] => 1
    [id_usuario] => 1031642393
    [nombre1] => Sergio
    [nombre2] => Esteban
    [apellido1] => Chaparro
    [apellido2] => Noguera
    [id_rol] => 3
    [usuario] => Serch
    [clave] => $2y$10$S6mZqH8ie24Y70WgDEtGeuHo43ZC0ZQTfmNVCu62.DoZ2rg6SLEoi
    [correo] => sechaparron@unal.edu.co
    [telefono] => 313270352
    [fecha_ingreso] => 2024-09-01 23:10:45
    [id_estado] => 1
)

[04-Sep-2024 21:46:08 Europe/Berlin] Clave ingresada: 4dMn^$G4Vwsc
[04-Sep-2024 21:46:08 Europe/Berlin] Clave en BD: $2y$10$S6mZqH8ie24Y70WgDEtGeuHo43ZC0ZQTfmNVCu62.DoZ2rg6SLEoi
[04-Sep-2024 21:46:09 Europe/Berlin] Resultado de password_verify: true
[04-Sep-2024 21:46:09 Europe/Berlin] Estado del usuario: 1
[04-Sep-2024 21:46:09 Europe/Berlin] Comparación de estado: true
[04-Sep-2024 21:46:09 Europe/Berlin] Hashed password: $2y$10$3Af7a5qjezMvaPDDax5JAem9IIqUSiz/5dVIapr67sdRd1x0iMa1.

[04-Sep-2024 21:46:09 Europe/Berlin] Stored password: $2y$10$S6mZqH8ie24Y70WgDEtGeuHo43ZC0ZQTfmNVCu62.DoZ2rg6SLEoi

[04-Sep-2024 21:46:09 Europe/Berlin] Passwords match: false

[04-Sep-2024 21:46:09 Europe/Berlin] Inicio de sesión exitoso para el usuario: Serch
[04-Sep-2024 22:36:39 Europe/Berlin] Iniciando loginUser
[04-Sep-2024 22:36:40 Europe/Berlin] Usuario consultado: Array
(
    [id_tdoc] => 1
    [id_usuario] => 1031642393
    [nombre1] => Sergio
    [nombre2] => Esteban
    [apellido1] => Chaparro
    [apellido2] => Noguera
    [id_rol] => 3
    [usuario] => Serch
    [clave] => $2y$10$S6mZqH8ie24Y70WgDEtGeuHo43ZC0ZQTfmNVCu62.DoZ2rg6SLEoi
    [correo] => sechaparron@unal.edu.co
    [telefono] => 313270352
    [fecha_ingreso] => 2024-09-01 23:10:45
    [id_estado] => 1
)

[04-Sep-2024 22:36:40 Europe/Berlin] Clave ingresada: 4dMn^$G4Vwsc
[04-Sep-2024 22:36:40 Europe/Berlin] Clave en BD: $2y$10$S6mZqH8ie24Y70WgDEtGeuHo43ZC0ZQTfmNVCu62.DoZ2rg6SLEoi
[04-Sep-2024 22:36:40 Europe/Berlin] Resultado de password_verify: true
[04-Sep-2024 22:36:40 Europe/Berlin] Estado del usuario: 1
[04-Sep-2024 22:36:40 Europe/Berlin] Comparación de estado: true
[04-Sep-2024 22:36:40 Europe/Berlin] Hashed password: $2y$10$2QFtJ3sVeugs5CyrmVLSPO472aWAmxgbSqIPEQpvWs3N4zEaqDsmm

[04-Sep-2024 22:36:40 Europe/Berlin] Stored password: $2y$10$S6mZqH8ie24Y70WgDEtGeuHo43ZC0ZQTfmNVCu62.DoZ2rg6SLEoi

[04-Sep-2024 22:36:40 Europe/Berlin] Passwords match: false

[04-Sep-2024 22:36:40 Europe/Berlin] Inicio de sesión exitoso para el usuario: Serch
[05-Sep-2024 22:50:52 Europe/Berlin] Iniciando loginUser
[05-Sep-2024 22:50:54 Europe/Berlin] Usuario consultado: Array
(
    [id_tdoc] => 1
    [id_usuario] => 1031642393
    [nombre1] => Sergio
    [nombre2] => Esteban
    [apellido1] => Chaparro
    [apellido2] => Noguera
    [id_rol] => 3
    [usuario] => Serch
    [clave] => $2y$10$S6mZqH8ie24Y70WgDEtGeuHo43ZC0ZQTfmNVCu62.DoZ2rg6SLEoi
    [correo] => sechaparron@unal.edu.co
    [telefono] => 313270352
    [fecha_ingreso] => 2024-09-01 23:10:45
    [id_estado] => 1
)

[05-Sep-2024 22:50:54 Europe/Berlin] Clave ingresada: 4dMn^$G4Vwsc
[05-Sep-2024 22:50:54 Europe/Berlin] Clave en BD: $2y$10$S6mZqH8ie24Y70WgDEtGeuHo43ZC0ZQTfmNVCu62.DoZ2rg6SLEoi
[05-Sep-2024 22:50:54 Europe/Berlin] Resultado de password_verify: true
[05-Sep-2024 22:50:54 Europe/Berlin] Estado del usuario: 1
[05-Sep-2024 22:50:54 Europe/Berlin] Comparación de estado: true
[05-Sep-2024 22:50:54 Europe/Berlin] Hashed password: $2y$10$iCjLZ2b5PwQFjM5sBC9/Oepq.ruN/AG5UKSdLjxDYJ7vkiz5flRBe

[05-Sep-2024 22:50:54 Europe/Berlin] Stored password: $2y$10$S6mZqH8ie24Y70WgDEtGeuHo43ZC0ZQTfmNVCu62.DoZ2rg6SLEoi

[05-Sep-2024 22:50:54 Europe/Berlin] Passwords match: false

[05-Sep-2024 22:50:55 Europe/Berlin] Inicio de sesión exitoso para el usuario: Serch
[07-Sep-2024 00:26:18 Europe/Berlin] Iniciando loginUser
[07-Sep-2024 00:26:18 Europe/Berlin] Usuario consultado: Array
(
    [id_tdoc] => 1
    [id_usuario] => 1031642393
    [nombre1] => Sergio
    [nombre2] => Esteban
    [apellido1] => Chaparro
    [apellido2] => Noguera
    [id_rol] => 3
    [usuario] => Serch
    [clave] => $2y$10$S6mZqH8ie24Y70WgDEtGeuHo43ZC0ZQTfmNVCu62.DoZ2rg6SLEoi
    [correo] => sechaparron@unal.edu.co
    [telefono] => 313270352
    [fecha_ingreso] => 2024-09-01 23:10:45
    [id_estado] => 1
)

[07-Sep-2024 00:26:18 Europe/Berlin] Clave ingresada: 4dMn^$G4Vwsc
[07-Sep-2024 00:26:18 Europe/Berlin] Clave en BD: $2y$10$S6mZqH8ie24Y70WgDEtGeuHo43ZC0ZQTfmNVCu62.DoZ2rg6SLEoi
[07-Sep-2024 00:26:18 Europe/Berlin] Resultado de password_verify: true
[07-Sep-2024 00:26:18 Europe/Berlin] Estado del usuario: 1
[07-Sep-2024 00:26:18 Europe/Berlin] Comparación de estado: true
[07-Sep-2024 00:26:18 Europe/Berlin] Hashed password: $2y$10$E8kO4g3CXa9im/nk8fivTec0zUOA40TKQdCJnvJlDRCXURp/OQPHG

[07-Sep-2024 00:26:18 Europe/Berlin] Stored password: $2y$10$S6mZqH8ie24Y70WgDEtGeuHo43ZC0ZQTfmNVCu62.DoZ2rg6SLEoi

[07-Sep-2024 00:26:18 Europe/Berlin] Passwords match: false

[07-Sep-2024 00:26:19 Europe/Berlin] Inicio de sesión exitoso para el usuario: Serch
[07-Sep-2024 01:12:09 Europe/Berlin] Iniciando loginUser
[07-Sep-2024 01:12:09 Europe/Berlin] Usuario consultado: Array
(
    [id_tdoc] => 1
    [id_usuario] => 1031642393
    [nombre1] => Sergio
    [nombre2] => Esteban
    [apellido1] => Chaparro
    [apellido2] => Noguera
    [id_rol] => 3
    [usuario] => Serch
    [clave] => $2y$10$S6mZqH8ie24Y70WgDEtGeuHo43ZC0ZQTfmNVCu62.DoZ2rg6SLEoi
    [correo] => sechaparron@unal.edu.co
    [telefono] => 313270352
    [fecha_ingreso] => 2024-09-01 23:10:45
    [id_estado] => 1
)

[07-Sep-2024 01:12:09 Europe/Berlin] Clave ingresada: 4dMn^$G4Vwsc
[07-Sep-2024 01:12:09 Europe/Berlin] Clave en BD: $2y$10$S6mZqH8ie24Y70WgDEtGeuHo43ZC0ZQTfmNVCu62.DoZ2rg6SLEoi
[07-Sep-2024 01:12:09 Europe/Berlin] Resultado de password_verify: true
[07-Sep-2024 01:12:09 Europe/Berlin] Estado del usuario: 1
[07-Sep-2024 01:12:09 Europe/Berlin] Comparación de estado: true
[07-Sep-2024 01:12:09 Europe/Berlin] Hashed password: $2y$10$kWONtzAoBHBcy.sV399BLurW/72143QKL8p/DAmUDqX2OIJ/eiK7m

[07-Sep-2024 01:12:09 Europe/Berlin] Stored password: $2y$10$S6mZqH8ie24Y70WgDEtGeuHo43ZC0ZQTfmNVCu62.DoZ2rg6SLEoi

[07-Sep-2024 01:12:09 Europe/Berlin] Passwords match: false

[07-Sep-2024 01:12:09 Europe/Berlin] Inicio de sesión exitoso para el usuario: Serch
[09-Sep-2024 19:14:07 Europe/Berlin] Iniciando loginUser
[09-Sep-2024 19:14:13 Europe/Berlin] Usuario consultado: Array
(
    [id_tdoc] => 1
    [id_usuario] => 1031642393
    [nombre1] => Sergio
    [nombre2] => Esteban
    [apellido1] => Chaparro
    [apellido2] => Noguera
    [id_rol] => 3
    [usuario] => Serch
    [clave] => $2y$10$S6mZqH8ie24Y70WgDEtGeuHo43ZC0ZQTfmNVCu62.DoZ2rg6SLEoi
    [correo] => sechaparron@unal.edu.co
    [telefono] => 313270352
    [fecha_ingreso] => 2024-09-01 23:10:45
    [id_estado] => 1
)

[09-Sep-2024 19:14:13 Europe/Berlin] Clave ingresada: 4dMn^$G4Vwsc
[09-Sep-2024 19:14:13 Europe/Berlin] Clave en BD: $2y$10$S6mZqH8ie24Y70WgDEtGeuHo43ZC0ZQTfmNVCu62.DoZ2rg6SLEoi
[09-Sep-2024 19:14:13 Europe/Berlin] Resultado de password_verify: true
[09-Sep-2024 19:14:13 Europe/Berlin] Estado del usuario: 1
[09-Sep-2024 19:14:13 Europe/Berlin] Comparación de estado: true
[09-Sep-2024 19:14:13 Europe/Berlin] Hashed password: $2y$10$AyjpINnN0fukIv5yS62/He9Kc2UnwK8b.JILUXPpmey565jkovXhS

[09-Sep-2024 19:14:13 Europe/Berlin] Stored password: $2y$10$S6mZqH8ie24Y70WgDEtGeuHo43ZC0ZQTfmNVCu62.DoZ2rg6SLEoi

[09-Sep-2024 19:14:14 Europe/Berlin] Passwords match: false

[09-Sep-2024 19:14:18 Europe/Berlin] Inicio de sesión exitoso para el usuario: Serch
[09-Sep-2024 23:07:13 Europe/Berlin] Iniciando loginUser
[09-Sep-2024 23:07:13 Europe/Berlin] Usuario consultado: Array
(
    [id_tdoc] => 1
    [id_usuario] => 1031642393
    [nombre1] => Sergio
    [nombre2] => Esteban
    [apellido1] => Chaparro
    [apellido2] => Noguera
    [id_rol] => 3
    [usuario] => Serch
    [clave] => $2y$10$S6mZqH8ie24Y70WgDEtGeuHo43ZC0ZQTfmNVCu62.DoZ2rg6SLEoi
    [correo] => sechaparron@unal.edu.co
    [telefono] => 313270352
    [fecha_ingreso] => 2024-09-01 23:10:45
    [id_estado] => 1
)

[09-Sep-2024 23:07:13 Europe/Berlin] Clave ingresada: 4dMn^$G4Vwsc
[09-Sep-2024 23:07:13 Europe/Berlin] Clave en BD: $2y$10$S6mZqH8ie24Y70WgDEtGeuHo43ZC0ZQTfmNVCu62.DoZ2rg6SLEoi
[09-Sep-2024 23:07:13 Europe/Berlin] Resultado de password_verify: true
[09-Sep-2024 23:07:13 Europe/Berlin] Estado del usuario: 1
[09-Sep-2024 23:07:13 Europe/Berlin] Comparación de estado: true
[09-Sep-2024 23:07:13 Europe/Berlin] Hashed password: $2y$10$f30UXFKdBhAjyRFY0eLpAuGC4uwSQaiG1xojylX.ggp2U8xnBW9y.

[09-Sep-2024 23:07:13 Europe/Berlin] Stored password: $2y$10$S6mZqH8ie24Y70WgDEtGeuHo43ZC0ZQTfmNVCu62.DoZ2rg6SLEoi

[09-Sep-2024 23:07:13 Europe/Berlin] Passwords match: false

[09-Sep-2024 23:07:13 Europe/Berlin] Inicio de sesión exitoso para el usuario: Serch
[10-Sep-2024 02:10:00 Europe/Berlin] Iniciando loginUser
[10-Sep-2024 02:10:01 Europe/Berlin] Usuario consultado: Array
(
    [id_tdoc] => 1
    [id_usuario] => 1031642393
    [nombre1] => Sergio
    [nombre2] => Esteban
    [apellido1] => Chaparro
    [apellido2] => Noguera
    [id_rol] => 3
    [usuario] => Serch
    [clave] => $2y$10$S6mZqH8ie24Y70WgDEtGeuHo43ZC0ZQTfmNVCu62.DoZ2rg6SLEoi
    [correo] => sechaparron@unal.edu.co
    [telefono] => 313270352
    [fecha_ingreso] => 2024-09-01 23:10:45
    [id_estado] => 1
)

[10-Sep-2024 02:10:01 Europe/Berlin] Clave ingresada: 4dMn^$G4Vwsc
[10-Sep-2024 02:10:01 Europe/Berlin] Clave en BD: $2y$10$S6mZqH8ie24Y70WgDEtGeuHo43ZC0ZQTfmNVCu62.DoZ2rg6SLEoi
[10-Sep-2024 02:10:01 Europe/Berlin] Resultado de password_verify: true
[10-Sep-2024 02:10:01 Europe/Berlin] Estado del usuario: 1
[10-Sep-2024 02:10:01 Europe/Berlin] Comparación de estado: true
[10-Sep-2024 02:10:01 Europe/Berlin] Hashed password: $2y$10$BqT5KgjVT9Cg6CV9V1FmLORH.9QL.gWoFxOJYQeGFXcxOVtwlD0ui

[10-Sep-2024 02:10:01 Europe/Berlin] Stored password: $2y$10$S6mZqH8ie24Y70WgDEtGeuHo43ZC0ZQTfmNVCu62.DoZ2rg6SLEoi

[10-Sep-2024 02:10:01 Europe/Berlin] Passwords match: false

[10-Sep-2024 02:10:01 Europe/Berlin] Inicio de sesión exitoso para el usuario: Serch
[10-Sep-2024 19:59:31 Europe/Berlin] Iniciando loginUser
[10-Sep-2024 19:59:32 Europe/Berlin] Usuario consultado: Array
(
    [id_tdoc] => 1
    [id_usuario] => 1031642393
    [nombre1] => Sergio
    [nombre2] => Esteban
    [apellido1] => Chaparro
    [apellido2] => Noguera
    [id_rol] => 3
    [usuario] => Serch
    [clave] => $2y$10$S6mZqH8ie24Y70WgDEtGeuHo43ZC0ZQTfmNVCu62.DoZ2rg6SLEoi
    [correo] => sechaparron@unal.edu.co
    [telefono] => 313270352
    [fecha_ingreso] => 2024-09-01 23:10:45
    [id_estado] => 1
)

[10-Sep-2024 19:59:32 Europe/Berlin] Clave ingresada: 4dMn^$G4Vwsc
[10-Sep-2024 19:59:32 Europe/Berlin] Clave en BD: $2y$10$S6mZqH8ie24Y70WgDEtGeuHo43ZC0ZQTfmNVCu62.DoZ2rg6SLEoi
[10-Sep-2024 19:59:32 Europe/Berlin] Resultado de password_verify: true
[10-Sep-2024 19:59:32 Europe/Berlin] Estado del usuario: 1
[10-Sep-2024 19:59:32 Europe/Berlin] Comparación de estado: true
[10-Sep-2024 19:59:32 Europe/Berlin] Hashed password: $2y$10$BivNoacvlQcOJYklyXuImeP1Q.jc2HeY6HTTRkt14tVKVhU5fUSIa

[10-Sep-2024 19:59:32 Europe/Berlin] Stored password: $2y$10$S6mZqH8ie24Y70WgDEtGeuHo43ZC0ZQTfmNVCu62.DoZ2rg6SLEoi

[10-Sep-2024 19:59:32 Europe/Berlin] Passwords match: false

[10-Sep-2024 19:59:32 Europe/Berlin] Inicio de sesión exitoso para el usuario: Serch
[12-Sep-2024 20:38:25 Europe/Berlin] Iniciando loginUser
[12-Sep-2024 20:38:26 Europe/Berlin] Usuario consultado: Array
(
    [id_tdoc] => 1
    [id_usuario] => 1031642393
    [nombre1] => Sergio
    [nombre2] => Esteban
    [apellido1] => Chaparro
    [apellido2] => Noguera
    [id_rol] => 3
    [usuario] => Serch
    [clave] => $2y$10$S6mZqH8ie24Y70WgDEtGeuHo43ZC0ZQTfmNVCu62.DoZ2rg6SLEoi
    [correo] => sechaparron@unal.edu.co
    [telefono] => 313270352
    [fecha_ingreso] => 2024-09-01 23:10:45
    [id_estado] => 1
)

[12-Sep-2024 20:38:26 Europe/Berlin] Clave ingresada: 4dMn^$G4Vwsc
[12-Sep-2024 20:38:26 Europe/Berlin] Clave en BD: $2y$10$S6mZqH8ie24Y70WgDEtGeuHo43ZC0ZQTfmNVCu62.DoZ2rg6SLEoi
[12-Sep-2024 20:38:26 Europe/Berlin] Resultado de password_verify: true
[12-Sep-2024 20:38:26 Europe/Berlin] Estado del usuario: 1
[12-Sep-2024 20:38:26 Europe/Berlin] Comparación de estado: true
[12-Sep-2024 20:38:26 Europe/Berlin] Hashed password: $2y$10$EUzEjcWC3yIaFSRsNaJV0uvNN/.Yb.xxePCFd9HfJ8XFiIh8o1Bz6

[12-Sep-2024 20:38:26 Europe/Berlin] Stored password: $2y$10$S6mZqH8ie24Y70WgDEtGeuHo43ZC0ZQTfmNVCu62.DoZ2rg6SLEoi

[12-Sep-2024 20:38:26 Europe/Berlin] Passwords match: false

[12-Sep-2024 20:38:26 Europe/Berlin] Inicio de sesión exitoso para el usuario: Serch
[12-Sep-2024 23:12:23 Europe/Berlin] Iniciando loginUser
[12-Sep-2024 23:12:23 Europe/Berlin] Usuario consultado: Array
(
    [id_tdoc] => 1
    [id_usuario] => 1031642393
    [nombre1] => Sergio
    [nombre2] => Esteban
    [apellido1] => Chaparro
    [apellido2] => Noguera
    [id_rol] => 3
    [usuario] => Serch
    [clave] => $2y$10$S6mZqH8ie24Y70WgDEtGeuHo43ZC0ZQTfmNVCu62.DoZ2rg6SLEoi
    [correo] => sechaparron@unal.edu.co
    [telefono] => 313270352
    [fecha_ingreso] => 2024-09-01 23:10:45
    [id_estado] => 1
)

[12-Sep-2024 23:12:23 Europe/Berlin] Clave ingresada: 4dMn^$G4Vwsc
[12-Sep-2024 23:12:23 Europe/Berlin] Clave en BD: $2y$10$S6mZqH8ie24Y70WgDEtGeuHo43ZC0ZQTfmNVCu62.DoZ2rg6SLEoi
[12-Sep-2024 23:12:23 Europe/Berlin] Resultado de password_verify: true
[12-Sep-2024 23:12:23 Europe/Berlin] Estado del usuario: 1
[12-Sep-2024 23:12:23 Europe/Berlin] Comparación de estado: true
[12-Sep-2024 23:12:23 Europe/Berlin] Hashed password: $2y$10$zxk8KkX919v2eD/dWpEzO.lWoJ7n5gsJLdkLsjJonIj6HDBv25KuW

[12-Sep-2024 23:12:23 Europe/Berlin] Stored password: $2y$10$S6mZqH8ie24Y70WgDEtGeuHo43ZC0ZQTfmNVCu62.DoZ2rg6SLEoi

[12-Sep-2024 23:12:23 Europe/Berlin] Passwords match: false

[12-Sep-2024 23:12:23 Europe/Berlin] Inicio de sesión exitoso para el usuario: Serch
[13-Sep-2024 00:28:20 Europe/Berlin] Iniciando loginUser
[13-Sep-2024 00:28:20 Europe/Berlin] Usuario consultado: Array
(
    [id_tdoc] => 1
    [id_usuario] => 1031642393
    [nombre1] => Sergio
    [nombre2] => Esteban
    [apellido1] => Chaparro
    [apellido2] => Noguera
    [id_rol] => 3
    [usuario] => Serch
    [clave] => $2y$10$S6mZqH8ie24Y70WgDEtGeuHo43ZC0ZQTfmNVCu62.DoZ2rg6SLEoi
    [correo] => sechaparron@unal.edu.co
    [telefono] => 313270352
    [fecha_ingreso] => 2024-09-01 23:10:45
    [id_estado] => 1
)

[13-Sep-2024 00:28:20 Europe/Berlin] Clave ingresada: 4dMn^$G4Vwsc
[13-Sep-2024 00:28:20 Europe/Berlin] Clave en BD: $2y$10$S6mZqH8ie24Y70WgDEtGeuHo43ZC0ZQTfmNVCu62.DoZ2rg6SLEoi
[13-Sep-2024 00:28:21 Europe/Berlin] Resultado de password_verify: true
[13-Sep-2024 00:28:21 Europe/Berlin] Estado del usuario: 1
[13-Sep-2024 00:28:21 Europe/Berlin] Comparación de estado: true
[13-Sep-2024 00:28:21 Europe/Berlin] Hashed password: $2y$10$4aPoPkONM.Opod5vhngeCOEI0p1W24aFn4ftpknmYPKxQTuAG2o7q

[13-Sep-2024 00:28:21 Europe/Berlin] Stored password: $2y$10$S6mZqH8ie24Y70WgDEtGeuHo43ZC0ZQTfmNVCu62.DoZ2rg6SLEoi

[13-Sep-2024 00:28:21 Europe/Berlin] Passwords match: false

[13-Sep-2024 00:28:21 Europe/Berlin] Inicio de sesión exitoso para el usuario: Serch
[13-Sep-2024 22:46:37 Europe/Berlin] Iniciando loginUser
[13-Sep-2024 22:46:38 Europe/Berlin] Usuario consultado: Array
(
    [id_tdoc] => 1
    [id_usuario] => 1031642393
    [nombre1] => Sergio
    [nombre2] => Esteban
    [apellido1] => Chaparro
    [apellido2] => Noguera
    [id_rol] => 3
    [usuario] => Serch
    [clave] => $2y$10$S6mZqH8ie24Y70WgDEtGeuHo43ZC0ZQTfmNVCu62.DoZ2rg6SLEoi
    [correo] => sechaparron@unal.edu.co
    [telefono] => 313270352
    [fecha_ingreso] => 2024-09-01 23:10:45
    [id_estado] => 1
)

[13-Sep-2024 22:46:38 Europe/Berlin] Clave ingresada: 4dMn^$G4Vwsc
[13-Sep-2024 22:46:39 Europe/Berlin] Clave en BD: $2y$10$S6mZqH8ie24Y70WgDEtGeuHo43ZC0ZQTfmNVCu62.DoZ2rg6SLEoi
[13-Sep-2024 22:46:39 Europe/Berlin] Resultado de password_verify: true
[13-Sep-2024 22:46:39 Europe/Berlin] Estado del usuario: 1
[13-Sep-2024 22:46:39 Europe/Berlin] Comparación de estado: true
[13-Sep-2024 22:46:39 Europe/Berlin] Hashed password: $2y$10$fTe0DbRLaP5ddU.QBeW0ZekI3TGw.MYgcHi8Msjw2srl1muc0TYPi

[13-Sep-2024 22:46:39 Europe/Berlin] Stored password: $2y$10$S6mZqH8ie24Y70WgDEtGeuHo43ZC0ZQTfmNVCu62.DoZ2rg6SLEoi

[13-Sep-2024 22:46:39 Europe/Berlin] Passwords match: false

[13-Sep-2024 22:46:39 Europe/Berlin] Inicio de sesión exitoso para el usuario: Serch
[13-Sep-2024 22:46:39 Europe/Berlin] Iniciando loginUser
[13-Sep-2024 22:46:39 Europe/Berlin] Usuario consultado: Array
(
    [id_tdoc] => 1
    [id_usuario] => 1031642393
    [nombre1] => Sergio
    [nombre2] => Esteban
    [apellido1] => Chaparro
    [apellido2] => Noguera
    [id_rol] => 3
    [usuario] => Serch
    [clave] => $2y$10$S6mZqH8ie24Y70WgDEtGeuHo43ZC0ZQTfmNVCu62.DoZ2rg6SLEoi
    [correo] => sechaparron@unal.edu.co
    [telefono] => 313270352
    [fecha_ingreso] => 2024-09-01 23:10:45
    [id_estado] => 1
)

[13-Sep-2024 22:46:39 Europe/Berlin] Clave ingresada: 4dMn^$G4Vwsc
[13-Sep-2024 22:46:39 Europe/Berlin] Clave en BD: $2y$10$S6mZqH8ie24Y70WgDEtGeuHo43ZC0ZQTfmNVCu62.DoZ2rg6SLEoi
[13-Sep-2024 22:46:40 Europe/Berlin] Resultado de password_verify: true
[13-Sep-2024 22:46:40 Europe/Berlin] Estado del usuario: 1
[13-Sep-2024 22:46:40 Europe/Berlin] Comparación de estado: true
[13-Sep-2024 22:46:40 Europe/Berlin] Hashed password: $2y$10$D4ulrz6LNZtKW3/.XdWRuOSAk1GuvPI0bSqGCCSFDziMG7j16wdOq

[13-Sep-2024 22:46:40 Europe/Berlin] Stored password: $2y$10$S6mZqH8ie24Y70WgDEtGeuHo43ZC0ZQTfmNVCu62.DoZ2rg6SLEoi

[13-Sep-2024 22:46:40 Europe/Berlin] Passwords match: false

[13-Sep-2024 22:46:40 Europe/Berlin] Inicio de sesión exitoso para el usuario: Serch
[16-Sep-2024 03:29:23 Europe/Berlin] Iniciando loginUser
[16-Sep-2024 03:29:24 Europe/Berlin] Usuario consultado: Array
(
    [id_tdoc] => 1
    [id_usuario] => 1031642393
    [nombre1] => Sergio
    [nombre2] => Esteban
    [apellido1] => Chaparro
    [apellido2] => Noguera
    [id_rol] => 3
    [usuario] => Serch
    [clave] => $2y$10$S6mZqH8ie24Y70WgDEtGeuHo43ZC0ZQTfmNVCu62.DoZ2rg6SLEoi
    [correo] => sechaparron@unal.edu.co
    [telefono] => 313270352
    [fecha_ingreso] => 2024-09-01 23:10:45
    [id_estado] => 1
)

[16-Sep-2024 03:29:24 Europe/Berlin] Clave ingresada: 4dMn^$G4Vwsc
[16-Sep-2024 03:29:24 Europe/Berlin] Clave en BD: $2y$10$S6mZqH8ie24Y70WgDEtGeuHo43ZC0ZQTfmNVCu62.DoZ2rg6SLEoi
[16-Sep-2024 03:29:24 Europe/Berlin] Resultado de password_verify: true
[16-Sep-2024 03:29:24 Europe/Berlin] Estado del usuario: 1
[16-Sep-2024 03:29:24 Europe/Berlin] Comparación de estado: true
[16-Sep-2024 03:29:24 Europe/Berlin] Hashed password: $2y$10$TB.ZHuRr/yCoHrVDuAOGFuBYOsMVT5hGPFUx0/6CTS6qU0XJlaxvm

[16-Sep-2024 03:29:24 Europe/Berlin] Stored password: $2y$10$S6mZqH8ie24Y70WgDEtGeuHo43ZC0ZQTfmNVCu62.DoZ2rg6SLEoi

[16-Sep-2024 03:29:24 Europe/Berlin] Passwords match: false

[16-Sep-2024 03:29:25 Europe/Berlin] Inicio de sesión exitoso para el usuario: Serch
[16-Sep-2024 23:14:47 Europe/Berlin] Iniciando loginUser
[16-Sep-2024 23:14:48 Europe/Berlin] Usuario consultado: Array
(
    [id_tdoc] => 1
    [id_usuario] => 1031642393
    [nombre1] => Sergio
    [nombre2] => Esteban
    [apellido1] => Chaparro
    [apellido2] => Noguera
    [id_rol] => 3
    [usuario] => Serch
    [clave] => $2y$10$S6mZqH8ie24Y70WgDEtGeuHo43ZC0ZQTfmNVCu62.DoZ2rg6SLEoi
    [correo] => sechaparron@unal.edu.co
    [telefono] => 313270352
    [fecha_ingreso] => 2024-09-01 23:10:45
    [id_estado] => 1
)

[16-Sep-2024 23:14:48 Europe/Berlin] Clave ingresada: 4dMn^$G4Vwsc
[16-Sep-2024 23:14:48 Europe/Berlin] Clave en BD: $2y$10$S6mZqH8ie24Y70WgDEtGeuHo43ZC0ZQTfmNVCu62.DoZ2rg6SLEoi
[16-Sep-2024 23:14:48 Europe/Berlin] Resultado de password_verify: true
[16-Sep-2024 23:14:48 Europe/Berlin] Estado del usuario: 1
[16-Sep-2024 23:14:48 Europe/Berlin] Comparación de estado: true
[16-Sep-2024 23:14:48 Europe/Berlin] Hashed password: $2y$10$c1/iibIJetXvl8KP0hRJ9unpB0UQ/Tdm2DH8USEY3kmUvkeNXHiqq

[16-Sep-2024 23:14:48 Europe/Berlin] Stored password: $2y$10$S6mZqH8ie24Y70WgDEtGeuHo43ZC0ZQTfmNVCu62.DoZ2rg6SLEoi

[16-Sep-2024 23:14:48 Europe/Berlin] Passwords match: false

[16-Sep-2024 23:14:48 Europe/Berlin] Inicio de sesión exitoso para el usuario: Serch
[17-Sep-2024 03:36:14 Europe/Berlin] Iniciando loginUser
[17-Sep-2024 03:36:14 Europe/Berlin] Usuario consultado: Array
(
    [id_tdoc] => 1
    [id_usuario] => 1031642393
    [nombre1] => Sergio
    [nombre2] => Esteban
    [apellido1] => Chaparro
    [apellido2] => Noguera
    [id_rol] => 3
    [usuario] => Serch
    [clave] => $2y$10$S6mZqH8ie24Y70WgDEtGeuHo43ZC0ZQTfmNVCu62.DoZ2rg6SLEoi
    [correo] => sechaparron@unal.edu.co
    [telefono] => 313270352
    [fecha_ingreso] => 2024-09-01 23:10:45
    [id_estado] => 1
)

[17-Sep-2024 03:36:14 Europe/Berlin] Clave ingresada: 4dMn^$G4Vwsc
[17-Sep-2024 03:36:14 Europe/Berlin] Clave en BD: $2y$10$S6mZqH8ie24Y70WgDEtGeuHo43ZC0ZQTfmNVCu62.DoZ2rg6SLEoi
[17-Sep-2024 03:36:14 Europe/Berlin] Resultado de password_verify: true
[17-Sep-2024 03:36:14 Europe/Berlin] Estado del usuario: 1
[17-Sep-2024 03:36:14 Europe/Berlin] Comparación de estado: true
[17-Sep-2024 03:36:14 Europe/Berlin] Hashed password: $2y$10$4qU7spT7Q/k8wR/BezYxGup/e0dtr2I95vjfNsWqFwi6Bmgjnr3AW

[17-Sep-2024 03:36:14 Europe/Berlin] Stored password: $2y$10$S6mZqH8ie24Y70WgDEtGeuHo43ZC0ZQTfmNVCu62.DoZ2rg6SLEoi

[17-Sep-2024 03:36:14 Europe/Berlin] Passwords match: false

[17-Sep-2024 03:36:14 Europe/Berlin] Inicio de sesión exitoso para el usuario: Serch
[17-Oct-2024 20:39:17 Europe/Berlin] Iniciando loginUser
[17-Oct-2024 20:39:17 Europe/Berlin] Usuario o contraseña vacíos
[17-Oct-2024 20:39:23 Europe/Berlin] Iniciando loginUser
[17-Oct-2024 20:39:23 Europe/Berlin] Usuario no encontrado: a
[17-Oct-2024 22:03:59 Europe/Berlin] Iniciando loginUser
[17-Oct-2024 22:03:59 Europe/Berlin] Usuario consultado: Array
(
    [id_tdoc] => 1
    [id_usuario] => 1031642393
    [nombre1] => Sergio
    [nombre2] => Esteban
    [apellido1] => Chaparro
    [apellido2] => Noguera
    [id_rol] => 3
    [usuario] => Serch
    [clave] => $2y$10$RX.nllUL/ijnZu8zEUS1luMDnHTOQ4Wou4viR7ldhi5bsGkMKhRYu
    [correo] => sechaparron@unal.edu.co
    [telefono] => 313270352
    [fecha_ingreso] => 2024-09-01 23:10:45
    [id_estado] => 1
)

[17-Oct-2024 22:03:59 Europe/Berlin] Clave ingresada: 23z%IOK&075B
[17-Oct-2024 22:03:59 Europe/Berlin] Clave en BD: $2y$10$RX.nllUL/ijnZu8zEUS1luMDnHTOQ4Wou4viR7ldhi5bsGkMKhRYu
[17-Oct-2024 22:03:59 Europe/Berlin] Resultado de password_verify: true
[17-Oct-2024 22:03:59 Europe/Berlin] Estado del usuario: 1
[17-Oct-2024 22:03:59 Europe/Berlin] Comparación de estado: true
[17-Oct-2024 22:03:59 Europe/Berlin] Hashed password: $2y$10$E5svGb.qYVCPPMsGWFHZh.XNXkrWh8jtsC26kc9IuifcCrUxS0qX.

[17-Oct-2024 22:03:59 Europe/Berlin] Stored password: $2y$10$RX.nllUL/ijnZu8zEUS1luMDnHTOQ4Wou4viR7ldhi5bsGkMKhRYu

[17-Oct-2024 22:03:59 Europe/Berlin] Passwords match: false

[17-Oct-2024 22:03:59 Europe/Berlin] Inicio de sesión exitoso para el usuario: Serch
[18-Oct-2024 16:45:46 Europe/Berlin] Iniciando loginUser
[18-Oct-2024 16:45:46 Europe/Berlin] Usuario consultado: Array
(
    [id_tdoc] => 1
    [id_usuario] => 1031642393
    [nombre1] => Sergio
    [nombre2] => Esteban
    [apellido1] => Chaparro
    [apellido2] => Noguera
    [id_rol] => 3
    [usuario] => Serch
    [clave] => $2y$10$RX.nllUL/ijnZu8zEUS1luMDnHTOQ4Wou4viR7ldhi5bsGkMKhRYu
    [correo] => sechaparron@unal.edu.co
    [telefono] => 313270352
    [fecha_ingreso] => 2024-09-01 23:10:45
    [id_estado] => 1
)

[18-Oct-2024 16:45:46 Europe/Berlin] Clave ingresada: 23z%IOK&075B
[18-Oct-2024 16:45:46 Europe/Berlin] Clave en BD: $2y$10$RX.nllUL/ijnZu8zEUS1luMDnHTOQ4Wou4viR7ldhi5bsGkMKhRYu
[18-Oct-2024 16:45:46 Europe/Berlin] Resultado de password_verify: true
[18-Oct-2024 16:45:46 Europe/Berlin] Estado del usuario: 1
[18-Oct-2024 16:45:46 Europe/Berlin] Comparación de estado: true
[18-Oct-2024 16:45:46 Europe/Berlin] Hashed password: $2y$10$ptEM1jvUTuq.1aRpZuD2kOg5zP6CsajMnSeAgvY2hB30.VY4T1m3C

[18-Oct-2024 16:45:46 Europe/Berlin] Stored password: $2y$10$RX.nllUL/ijnZu8zEUS1luMDnHTOQ4Wou4viR7ldhi5bsGkMKhRYu

[18-Oct-2024 16:45:46 Europe/Berlin] Passwords match: false

[18-Oct-2024 16:45:46 Europe/Berlin] Inicio de sesión exitoso para el usuario: Serch
[18-Oct-2024 16:59:44 Europe/Berlin] Iniciando loginUser
[18-Oct-2024 16:59:44 Europe/Berlin] Usuario consultado: Array
(
    [id_tdoc] => 1
    [id_usuario] => 1031642393
    [nombre1] => Sergio
    [nombre2] => Esteban
    [apellido1] => Chaparro
    [apellido2] => Noguera
    [id_rol] => 3
    [usuario] => Serch
    [clave] => $2y$10$RX.nllUL/ijnZu8zEUS1luMDnHTOQ4Wou4viR7ldhi5bsGkMKhRYu
    [correo] => sechaparron@unal.edu.co
    [telefono] => 313270352
    [fecha_ingreso] => 2024-09-01 23:10:45
    [id_estado] => 1
)

[18-Oct-2024 16:59:44 Europe/Berlin] Clave ingresada: 23z%IOK&075B
[18-Oct-2024 16:59:44 Europe/Berlin] Clave en BD: $2y$10$RX.nllUL/ijnZu8zEUS1luMDnHTOQ4Wou4viR7ldhi5bsGkMKhRYu
[18-Oct-2024 16:59:45 Europe/Berlin] Resultado de password_verify: true
[18-Oct-2024 16:59:45 Europe/Berlin] Estado del usuario: 1
[18-Oct-2024 16:59:45 Europe/Berlin] Comparación de estado: true
[18-Oct-2024 16:59:45 Europe/Berlin] Hashed password: $2y$10$eZHvIhadhZdR6veK9a/1s.sxPRXYFwnfku0DnZcJp1GoUy6mdGp2C

[18-Oct-2024 16:59:45 Europe/Berlin] Stored password: $2y$10$RX.nllUL/ijnZu8zEUS1luMDnHTOQ4Wou4viR7ldhi5bsGkMKhRYu

[18-Oct-2024 16:59:46 Europe/Berlin] Passwords match: false

[18-Oct-2024 16:59:46 Europe/Berlin] Inicio de sesión exitoso para el usuario: Serch
[18-Oct-2024 17:18:46 Europe/Berlin] Iniciando loginUser
[18-Oct-2024 17:18:46 Europe/Berlin] Usuario consultado: Array
(
    [id_tdoc] => 1
    [id_usuario] => 1031642393
    [nombre1] => Sergio
    [nombre2] => Esteban
    [apellido1] => Chaparro
    [apellido2] => Noguera
    [id_rol] => 3
    [usuario] => Serch
    [clave] => $2y$10$RX.nllUL/ijnZu8zEUS1luMDnHTOQ4Wou4viR7ldhi5bsGkMKhRYu
    [correo] => sechaparron@unal.edu.co
    [telefono] => 313270352
    [fecha_ingreso] => 2024-09-01 23:10:45
    [id_estado] => 1
)

[18-Oct-2024 17:18:46 Europe/Berlin] Clave ingresada: 23z%IOK&075B
[18-Oct-2024 17:18:46 Europe/Berlin] Clave en BD: $2y$10$RX.nllUL/ijnZu8zEUS1luMDnHTOQ4Wou4viR7ldhi5bsGkMKhRYu
[18-Oct-2024 17:18:46 Europe/Berlin] Resultado de password_verify: true
[18-Oct-2024 17:18:46 Europe/Berlin] Estado del usuario: 1
[18-Oct-2024 17:18:46 Europe/Berlin] Comparación de estado: true
[18-Oct-2024 17:18:46 Europe/Berlin] Hashed password: $2y$10$5zhVPeXtn1EzPGtDO.sbZ.uuVxhv39/FmQV6/wopUuDtN5J2UT.Gq

[18-Oct-2024 17:18:46 Europe/Berlin] Stored password: $2y$10$RX.nllUL/ijnZu8zEUS1luMDnHTOQ4Wou4viR7ldhi5bsGkMKhRYu

[18-Oct-2024 17:18:46 Europe/Berlin] Passwords match: false

[18-Oct-2024 17:18:46 Europe/Berlin] Inicio de sesión exitoso para el usuario: Serch
[18-Oct-2024 17:18:48 Europe/Berlin] Iniciando loginUser
[18-Oct-2024 17:18:48 Europe/Berlin] Usuario consultado: Array
(
    [id_tdoc] => 1
    [id_usuario] => 1031642393
    [nombre1] => Sergio
    [nombre2] => Esteban
    [apellido1] => Chaparro
    [apellido2] => Noguera
    [id_rol] => 3
    [usuario] => Serch
    [clave] => $2y$10$RX.nllUL/ijnZu8zEUS1luMDnHTOQ4Wou4viR7ldhi5bsGkMKhRYu
    [correo] => sechaparron@unal.edu.co
    [telefono] => 313270352
    [fecha_ingreso] => 2024-09-01 23:10:45
    [id_estado] => 1
)

[18-Oct-2024 17:18:48 Europe/Berlin] Clave ingresada: 23z%IOK&075B
[18-Oct-2024 17:18:48 Europe/Berlin] Clave en BD: $2y$10$RX.nllUL/ijnZu8zEUS1luMDnHTOQ4Wou4viR7ldhi5bsGkMKhRYu
[18-Oct-2024 17:18:49 Europe/Berlin] Resultado de password_verify: true
[18-Oct-2024 17:18:49 Europe/Berlin] Estado del usuario: 1
[18-Oct-2024 17:18:49 Europe/Berlin] Comparación de estado: true
[18-Oct-2024 17:18:49 Europe/Berlin] Hashed password: $2y$10$kijWptjfgBz09sA9o84nhehGzZdF3CDI/iBGkpdftNkNaKKpoJoba

[18-Oct-2024 17:18:49 Europe/Berlin] Stored password: $2y$10$RX.nllUL/ijnZu8zEUS1luMDnHTOQ4Wou4viR7ldhi5bsGkMKhRYu

[18-Oct-2024 17:18:49 Europe/Berlin] Passwords match: false

[18-Oct-2024 17:18:49 Europe/Berlin] Inicio de sesión exitoso para el usuario: Serch
[19-Oct-2024 23:43:24 Europe/Berlin] Iniciando loginUser
[19-Oct-2024 23:43:24 Europe/Berlin] Usuario consultado: Array
(
    [id_tdoc] => 1
    [id_usuario] => 1031642393
    [nombre1] => Sergio
    [nombre2] => Esteban
    [apellido1] => Chaparro
    [apellido2] => Noguera
    [id_rol] => 3
    [usuario] => Serch
    [clave] => $2y$10$RX.nllUL/ijnZu8zEUS1luMDnHTOQ4Wou4viR7ldhi5bsGkMKhRYu
    [correo] => sechaparron@unal.edu.co
    [telefono] => 313270352
    [fecha_ingreso] => 2024-09-01 23:10:45
    [id_estado] => 1
)

[19-Oct-2024 23:43:24 Europe/Berlin] Clave ingresada: 23z%IOK&075B
[19-Oct-2024 23:43:24 Europe/Berlin] Clave en BD: $2y$10$RX.nllUL/ijnZu8zEUS1luMDnHTOQ4Wou4viR7ldhi5bsGkMKhRYu
[19-Oct-2024 23:43:24 Europe/Berlin] Resultado de password_verify: true
[19-Oct-2024 23:43:24 Europe/Berlin] Estado del usuario: 1
[19-Oct-2024 23:43:24 Europe/Berlin] Comparación de estado: true
[19-Oct-2024 23:43:24 Europe/Berlin] Hashed password: $2y$10$R/e0rQr5tGp4TYmr0nPzLOvpVaeDynGjQUvUyhh3yqC.xnAi2Ajdm

[19-Oct-2024 23:43:24 Europe/Berlin] Stored password: $2y$10$RX.nllUL/ijnZu8zEUS1luMDnHTOQ4Wou4viR7ldhi5bsGkMKhRYu

[19-Oct-2024 23:43:24 Europe/Berlin] Passwords match: false

[19-Oct-2024 23:43:24 Europe/Berlin] Inicio de sesión exitoso para el usuario: Serch
[19-Oct-2024 23:59:23 Europe/Berlin] Iniciando loginUser
[19-Oct-2024 23:59:23 Europe/Berlin] Usuario consultado: Array
(
    [id_tdoc] => 1
    [id_usuario] => 1031642393
    [nombre1] => Sergio
    [nombre2] => Esteban
    [apellido1] => Chaparro
    [apellido2] => Noguera
    [id_rol] => 3
    [usuario] => Serch
    [clave] => $2y$10$RX.nllUL/ijnZu8zEUS1luMDnHTOQ4Wou4viR7ldhi5bsGkMKhRYu
    [correo] => sechaparron@unal.edu.co
    [telefono] => 313270352
    [fecha_ingreso] => 2024-09-01 23:10:45
    [id_estado] => 1
)

[19-Oct-2024 23:59:23 Europe/Berlin] Clave ingresada: 23z%IOK&075B
[19-Oct-2024 23:59:23 Europe/Berlin] Clave en BD: $2y$10$RX.nllUL/ijnZu8zEUS1luMDnHTOQ4Wou4viR7ldhi5bsGkMKhRYu
[19-Oct-2024 23:59:23 Europe/Berlin] Resultado de password_verify: true
[19-Oct-2024 23:59:23 Europe/Berlin] Estado del usuario: 1
[19-Oct-2024 23:59:23 Europe/Berlin] Comparación de estado: true
[19-Oct-2024 23:59:23 Europe/Berlin] Hashed password: $2y$10$FcxKTYyvwiXkERg/CleS6ONZMddvuAVrt533ePdoVpjYyJC/6wE/a

[19-Oct-2024 23:59:23 Europe/Berlin] Stored password: $2y$10$RX.nllUL/ijnZu8zEUS1luMDnHTOQ4Wou4viR7ldhi5bsGkMKhRYu

[19-Oct-2024 23:59:23 Europe/Berlin] Passwords match: false

[19-Oct-2024 23:59:23 Europe/Berlin] Inicio de sesión exitoso para el usuario: Serch
[20-Oct-2024 00:01:14 Europe/Berlin] Iniciando loginUser
[20-Oct-2024 00:01:14 Europe/Berlin] Usuario consultado: Array
(
    [id_tdoc] => 1
    [id_usuario] => 1031642393
    [nombre1] => Sergio
    [nombre2] => Esteban
    [apellido1] => Chaparro
    [apellido2] => Noguera
    [id_rol] => 3
    [usuario] => Serch
    [clave] => $2y$10$RX.nllUL/ijnZu8zEUS1luMDnHTOQ4Wou4viR7ldhi5bsGkMKhRYu
    [correo] => sechaparron@unal.edu.co
    [telefono] => 313270352
    [fecha_ingreso] => 2024-09-01 23:10:45
    [id_estado] => 1
)

[20-Oct-2024 00:01:14 Europe/Berlin] Clave ingresada: 23z%IOK&075B
[20-Oct-2024 00:01:14 Europe/Berlin] Clave en BD: $2y$10$RX.nllUL/ijnZu8zEUS1luMDnHTOQ4Wou4viR7ldhi5bsGkMKhRYu
[20-Oct-2024 00:01:14 Europe/Berlin] Resultado de password_verify: true
[20-Oct-2024 00:01:14 Europe/Berlin] Estado del usuario: 1
[20-Oct-2024 00:01:14 Europe/Berlin] Comparación de estado: true
[20-Oct-2024 00:01:14 Europe/Berlin] Hashed password: $2y$10$bBtATpm92Zw6QswxZ/xzA.cox4EdXttv5DGv0IE13AKINRdiRoDqK

[20-Oct-2024 00:01:14 Europe/Berlin] Stored password: $2y$10$RX.nllUL/ijnZu8zEUS1luMDnHTOQ4Wou4viR7ldhi5bsGkMKhRYu

[20-Oct-2024 00:01:14 Europe/Berlin] Passwords match: false

[20-Oct-2024 00:01:14 Europe/Berlin] Inicio de sesión exitoso para el usuario: Serch
[20-Oct-2024 00:01:55 Europe/Berlin] Iniciando loginUser
[20-Oct-2024 00:01:55 Europe/Berlin] Usuario consultado: Array
(
    [id_tdoc] => 1
    [id_usuario] => 1031642393
    [nombre1] => Sergio
    [nombre2] => Esteban
    [apellido1] => Chaparro
    [apellido2] => Noguera
    [id_rol] => 3
    [usuario] => Serch
    [clave] => $2y$10$RX.nllUL/ijnZu8zEUS1luMDnHTOQ4Wou4viR7ldhi5bsGkMKhRYu
    [correo] => sechaparron@unal.edu.co
    [telefono] => 313270352
    [fecha_ingreso] => 2024-09-01 23:10:45
    [id_estado] => 1
)

[20-Oct-2024 00:01:55 Europe/Berlin] Clave ingresada: 23z%IOK&075B
[20-Oct-2024 00:01:55 Europe/Berlin] Clave en BD: $2y$10$RX.nllUL/ijnZu8zEUS1luMDnHTOQ4Wou4viR7ldhi5bsGkMKhRYu
[20-Oct-2024 00:01:55 Europe/Berlin] Resultado de password_verify: true
[20-Oct-2024 00:01:55 Europe/Berlin] Estado del usuario: 1
[20-Oct-2024 00:01:55 Europe/Berlin] Comparación de estado: true
[20-Oct-2024 00:01:55 Europe/Berlin] Hashed password: $2y$10$.wAkT0HxqRAPh0uGtC6oEOG0BPT.bFF/ynYtaApNkqiY3YqW1/l0W

[20-Oct-2024 00:01:55 Europe/Berlin] Stored password: $2y$10$RX.nllUL/ijnZu8zEUS1luMDnHTOQ4Wou4viR7ldhi5bsGkMKhRYu

[20-Oct-2024 00:01:55 Europe/Berlin] Passwords match: false

[20-Oct-2024 00:01:55 Europe/Berlin] Inicio de sesión exitoso para el usuario: Serch
[20-Oct-2024 00:02:41 Europe/Berlin] Iniciando loginUser
[20-Oct-2024 00:02:41 Europe/Berlin] Usuario consultado: Array
(
    [id_tdoc] => 1
    [id_usuario] => 1031642393
    [nombre1] => Sergio
    [nombre2] => Esteban
    [apellido1] => Chaparro
    [apellido2] => Noguera
    [id_rol] => 3
    [usuario] => Serch
    [clave] => $2y$10$RX.nllUL/ijnZu8zEUS1luMDnHTOQ4Wou4viR7ldhi5bsGkMKhRYu
    [correo] => sechaparron@unal.edu.co
    [telefono] => 313270352
    [fecha_ingreso] => 2024-09-01 23:10:45
    [id_estado] => 1
)

[20-Oct-2024 00:02:41 Europe/Berlin] Clave ingresada: 23z%IOK&075B
[20-Oct-2024 00:02:41 Europe/Berlin] Clave en BD: $2y$10$RX.nllUL/ijnZu8zEUS1luMDnHTOQ4Wou4viR7ldhi5bsGkMKhRYu
[20-Oct-2024 00:02:41 Europe/Berlin] Resultado de password_verify: true
[20-Oct-2024 00:02:41 Europe/Berlin] Estado del usuario: 1
[20-Oct-2024 00:02:41 Europe/Berlin] Comparación de estado: true
[20-Oct-2024 00:02:41 Europe/Berlin] Hashed password: $2y$10$BAjJC7daqQy2F9ox68xOQueEsIPk6n1YGDwjtylgfa9Wx1.8qudkC

[20-Oct-2024 00:02:41 Europe/Berlin] Stored password: $2y$10$RX.nllUL/ijnZu8zEUS1luMDnHTOQ4Wou4viR7ldhi5bsGkMKhRYu

[20-Oct-2024 00:02:41 Europe/Berlin] Passwords match: false

[20-Oct-2024 00:02:41 Europe/Berlin] Inicio de sesión exitoso para el usuario: Serch
[20-Oct-2024 00:11:32 Europe/Berlin] Iniciando loginUser
[20-Oct-2024 00:11:32 Europe/Berlin] Usuario consultado: Array
(
    [id_tdoc] => 1
    [id_usuario] => 1031642393
    [nombre1] => Sergio
    [nombre2] => Esteban
    [apellido1] => Chaparro
    [apellido2] => Noguera
    [id_rol] => 3
    [usuario] => Serch
    [clave] => $2y$10$RX.nllUL/ijnZu8zEUS1luMDnHTOQ4Wou4viR7ldhi5bsGkMKhRYu
    [correo] => sechaparron@unal.edu.co
    [telefono] => 313270352
    [fecha_ingreso] => 2024-09-01 23:10:45
    [id_estado] => 1
)

[20-Oct-2024 00:11:32 Europe/Berlin] Clave ingresada: 23z%IOK&075B
[20-Oct-2024 00:11:32 Europe/Berlin] Clave en BD: $2y$10$RX.nllUL/ijnZu8zEUS1luMDnHTOQ4Wou4viR7ldhi5bsGkMKhRYu
[20-Oct-2024 00:11:32 Europe/Berlin] Resultado de password_verify: true
[20-Oct-2024 00:11:32 Europe/Berlin] Estado del usuario: 1
[20-Oct-2024 00:11:32 Europe/Berlin] Comparación de estado: true
[20-Oct-2024 00:11:32 Europe/Berlin] Hashed password: $2y$10$IaC.euYZy2aE0pyzTk9e.OIIZb.178XRVMuBtZZbEfzlFIoR.46NS

[20-Oct-2024 00:11:32 Europe/Berlin] Stored password: $2y$10$RX.nllUL/ijnZu8zEUS1luMDnHTOQ4Wou4viR7ldhi5bsGkMKhRYu

[20-Oct-2024 00:11:32 Europe/Berlin] Passwords match: false

[20-Oct-2024 00:11:32 Europe/Berlin] Inicio de sesión exitoso para el usuario: Serch
[21-Oct-2024 16:33:20 Europe/Berlin] Iniciando loginUser
[21-Oct-2024 16:33:21 Europe/Berlin] Usuario consultado: Array
(
    [id_tdoc] => 1
    [id_usuario] => 1031642393
    [nombre1] => Sergio
    [nombre2] => Esteban
    [apellido1] => Chaparro
    [apellido2] => Noguera
    [id_rol] => 3
    [usuario] => Serch
    [clave] => $2y$10$RX.nllUL/ijnZu8zEUS1luMDnHTOQ4Wou4viR7ldhi5bsGkMKhRYu
    [correo] => sechaparron@unal.edu.co
    [telefono] => 313270352
    [fecha_ingreso] => 2024-09-01 23:10:45
    [id_estado] => 1
)

[21-Oct-2024 16:33:21 Europe/Berlin] Clave ingresada: 23z%IOK&075B
[21-Oct-2024 16:33:21 Europe/Berlin] Clave en BD: $2y$10$RX.nllUL/ijnZu8zEUS1luMDnHTOQ4Wou4viR7ldhi5bsGkMKhRYu
[21-Oct-2024 16:33:21 Europe/Berlin] Resultado de password_verify: true
[21-Oct-2024 16:33:21 Europe/Berlin] Estado del usuario: 1
[21-Oct-2024 16:33:21 Europe/Berlin] Comparación de estado: true
[21-Oct-2024 16:33:21 Europe/Berlin] Hashed password: $2y$10$CPgSpctD5cfZ.6rD4wduA.pJK3O6kBtvqG6TpekEvFRkOr4bQALOm

[21-Oct-2024 16:33:21 Europe/Berlin] Stored password: $2y$10$RX.nllUL/ijnZu8zEUS1luMDnHTOQ4Wou4viR7ldhi5bsGkMKhRYu

[21-Oct-2024 16:33:21 Europe/Berlin] Passwords match: false

[21-Oct-2024 16:33:21 Europe/Berlin] Inicio de sesión exitoso para el usuario: Serch
[22-Oct-2024 20:50:56 Europe/Berlin] Iniciando loginUser
[22-Oct-2024 20:50:56 Europe/Berlin] Usuario consultado: Array
(
    [id_tdoc] => 1
    [id_usuario] => 1031642393
    [nombre1] => Sergio
    [nombre2] => Esteban
    [apellido1] => Chaparro
    [apellido2] => Noguera
    [id_rol] => 3
    [usuario] => Serch
    [clave] => $2y$10$RX.nllUL/ijnZu8zEUS1luMDnHTOQ4Wou4viR7ldhi5bsGkMKhRYu
    [correo] => sechaparron@unal.edu.co
    [telefono] => 313270352
    [fecha_ingreso] => 2024-09-01 23:10:45
    [id_estado] => 1
)

[22-Oct-2024 20:50:56 Europe/Berlin] Clave ingresada: 23z%IOK&075B
[22-Oct-2024 20:50:56 Europe/Berlin] Clave en BD: $2y$10$RX.nllUL/ijnZu8zEUS1luMDnHTOQ4Wou4viR7ldhi5bsGkMKhRYu
[22-Oct-2024 20:50:56 Europe/Berlin] Resultado de password_verify: true
[22-Oct-2024 20:50:56 Europe/Berlin] Estado del usuario: 1
[22-Oct-2024 20:50:56 Europe/Berlin] Comparación de estado: true
[22-Oct-2024 20:50:56 Europe/Berlin] Hashed password: $2y$10$aYAJ.bo5yIhwNda4F4l4qOePgnArZyGysJ5Ra8qarOC2yRewN4Q9W

[22-Oct-2024 20:50:56 Europe/Berlin] Stored password: $2y$10$RX.nllUL/ijnZu8zEUS1luMDnHTOQ4Wou4viR7ldhi5bsGkMKhRYu

[22-Oct-2024 20:50:56 Europe/Berlin] Passwords match: false

[22-Oct-2024 20:50:56 Europe/Berlin] Inicio de sesión exitoso para el usuario: Serch
[22-Oct-2024 20:50:58 Europe/Berlin] Iniciando loginUser
[22-Oct-2024 20:50:58 Europe/Berlin] Usuario consultado: Array
(
    [id_tdoc] => 1
    [id_usuario] => 1031642393
    [nombre1] => Sergio
    [nombre2] => Esteban
    [apellido1] => Chaparro
    [apellido2] => Noguera
    [id_rol] => 3
    [usuario] => Serch
    [clave] => $2y$10$RX.nllUL/ijnZu8zEUS1luMDnHTOQ4Wou4viR7ldhi5bsGkMKhRYu
    [correo] => sechaparron@unal.edu.co
    [telefono] => 313270352
    [fecha_ingreso] => 2024-09-01 23:10:45
    [id_estado] => 1
)

[22-Oct-2024 20:50:58 Europe/Berlin] Clave ingresada: 23z%IOK&075B
[22-Oct-2024 20:50:58 Europe/Berlin] Clave en BD: $2y$10$RX.nllUL/ijnZu8zEUS1luMDnHTOQ4Wou4viR7ldhi5bsGkMKhRYu
[22-Oct-2024 20:50:58 Europe/Berlin] Resultado de password_verify: true
[22-Oct-2024 20:50:58 Europe/Berlin] Estado del usuario: 1
[22-Oct-2024 20:50:58 Europe/Berlin] Comparación de estado: true
[22-Oct-2024 20:50:58 Europe/Berlin] Hashed password: $2y$10$A88XtVtuR9mpuvM73fnL1euwbVV726BDQ/ORUmAAQcXAJxopGjaU2

[22-Oct-2024 20:50:58 Europe/Berlin] Stored password: $2y$10$RX.nllUL/ijnZu8zEUS1luMDnHTOQ4Wou4viR7ldhi5bsGkMKhRYu

[22-Oct-2024 20:50:59 Europe/Berlin] Passwords match: false

[22-Oct-2024 20:50:59 Europe/Berlin] Inicio de sesión exitoso para el usuario: Serch
[22-Oct-2024 21:05:18 Europe/Berlin] Iniciando loginUser
[22-Oct-2024 21:05:18 Europe/Berlin] Usuario consultado: Array
(
    [id_tdoc] => 1
    [id_usuario] => 1031642393
    [nombre1] => Sergio
    [nombre2] => Esteban
    [apellido1] => Chaparro
    [apellido2] => Noguera
    [id_rol] => 3
    [usuario] => Serch
    [clave] => $2y$10$RX.nllUL/ijnZu8zEUS1luMDnHTOQ4Wou4viR7ldhi5bsGkMKhRYu
    [correo] => sechaparron@unal.edu.co
    [telefono] => 313270352
    [fecha_ingreso] => 2024-09-01 23:10:45
    [id_estado] => 1
)

[22-Oct-2024 21:05:18 Europe/Berlin] Clave ingresada: 23z%IOK&075B
[22-Oct-2024 21:05:18 Europe/Berlin] Clave en BD: $2y$10$RX.nllUL/ijnZu8zEUS1luMDnHTOQ4Wou4viR7ldhi5bsGkMKhRYu
[22-Oct-2024 21:05:18 Europe/Berlin] Resultado de password_verify: true
[22-Oct-2024 21:05:18 Europe/Berlin] Estado del usuario: 1
[22-Oct-2024 21:05:18 Europe/Berlin] Comparación de estado: true
[22-Oct-2024 21:05:18 Europe/Berlin] Hashed password: $2y$10$Rf1bgQbAGH2L4s.Oyha2yuorZKrTeC4rp3bDGIJpsCCBJ8ON/0NRK

[22-Oct-2024 21:05:18 Europe/Berlin] Stored password: $2y$10$RX.nllUL/ijnZu8zEUS1luMDnHTOQ4Wou4viR7ldhi5bsGkMKhRYu

[22-Oct-2024 21:05:18 Europe/Berlin] Passwords match: false

[22-Oct-2024 21:05:18 Europe/Berlin] Inicio de sesión exitoso para el usuario: Serch
[22-Oct-2024 23:27:35 Europe/Berlin] Iniciando loginUser
[22-Oct-2024 23:27:35 Europe/Berlin] Usuario consultado: Array
(
    [id_tdoc] => 1
    [id_usuario] => 1031642393
    [nombre1] => Sergio
    [nombre2] => Esteban
    [apellido1] => Chaparro
    [apellido2] => Noguera
    [id_rol] => 3
    [usuario] => Serch
    [clave] => $2y$10$RX.nllUL/ijnZu8zEUS1luMDnHTOQ4Wou4viR7ldhi5bsGkMKhRYu
    [correo] => sechaparron@unal.edu.co
    [telefono] => 313270352
    [fecha_ingreso] => 2024-09-01 23:10:45
    [id_estado] => 1
)

[22-Oct-2024 23:27:35 Europe/Berlin] Clave ingresada: 23z%IOK&075B
[22-Oct-2024 23:27:35 Europe/Berlin] Clave en BD: $2y$10$RX.nllUL/ijnZu8zEUS1luMDnHTOQ4Wou4viR7ldhi5bsGkMKhRYu
[22-Oct-2024 23:27:35 Europe/Berlin] Resultado de password_verify: true
[22-Oct-2024 23:27:35 Europe/Berlin] Estado del usuario: 1
[22-Oct-2024 23:27:35 Europe/Berlin] Comparación de estado: true
[22-Oct-2024 23:27:35 Europe/Berlin] Hashed password: $2y$10$xU0rxwt9pUDdagh1cmrTL.1zy42LB0vnOT37O3dYF31JNL9a7TIIO

[22-Oct-2024 23:27:35 Europe/Berlin] Stored password: $2y$10$RX.nllUL/ijnZu8zEUS1luMDnHTOQ4Wou4viR7ldhi5bsGkMKhRYu

[22-Oct-2024 23:27:35 Europe/Berlin] Passwords match: false

[22-Oct-2024 23:27:35 Europe/Berlin] Inicio de sesión exitoso para el usuario: Serch
[22-Oct-2024 23:44:51 Europe/Berlin] Iniciando loginUser
[22-Oct-2024 23:44:51 Europe/Berlin] Usuario consultado: Array
(
    [id_tdoc] => 1
    [id_usuario] => 1031642393
    [nombre1] => Sergio
    [nombre2] => Esteban
    [apellido1] => Chaparro
    [apellido2] => Noguera
    [id_rol] => 3
    [usuario] => Serch
    [clave] => $2y$10$RX.nllUL/ijnZu8zEUS1luMDnHTOQ4Wou4viR7ldhi5bsGkMKhRYu
    [correo] => sechaparron@unal.edu.co
    [telefono] => 313270352
    [fecha_ingreso] => 2024-09-01 23:10:45
    [id_estado] => 1
)

[22-Oct-2024 23:44:51 Europe/Berlin] Clave ingresada: 23z%IOK&075B
[22-Oct-2024 23:44:51 Europe/Berlin] Clave en BD: $2y$10$RX.nllUL/ijnZu8zEUS1luMDnHTOQ4Wou4viR7ldhi5bsGkMKhRYu
[22-Oct-2024 23:44:51 Europe/Berlin] Resultado de password_verify: true
[22-Oct-2024 23:44:51 Europe/Berlin] Estado del usuario: 1
[22-Oct-2024 23:44:51 Europe/Berlin] Comparación de estado: true
[22-Oct-2024 23:44:51 Europe/Berlin] Hashed password: $2y$10$zlqzh3TFVsBU2en9xnGB2.JUIto3iAHYwYfIhQd7PDiAZ6l9pm2La

[22-Oct-2024 23:44:51 Europe/Berlin] Stored password: $2y$10$RX.nllUL/ijnZu8zEUS1luMDnHTOQ4Wou4viR7ldhi5bsGkMKhRYu

[22-Oct-2024 23:44:51 Europe/Berlin] Passwords match: false

[22-Oct-2024 23:44:52 Europe/Berlin] Inicio de sesión exitoso para el usuario: Serch
[23-Oct-2024 17:33:28 Europe/Berlin] Iniciando loginUser
[23-Oct-2024 17:33:28 Europe/Berlin] Usuario consultado: Array
(
    [id_tdoc] => 1
    [id_usuario] => 1031642393
    [nombre1] => Sergio
    [nombre2] => Esteban
    [apellido1] => Chaparro
    [apellido2] => Noguera
    [id_rol] => 3
    [usuario] => Serch
    [clave] => $2y$10$RX.nllUL/ijnZu8zEUS1luMDnHTOQ4Wou4viR7ldhi5bsGkMKhRYu
    [correo] => sechaparron@unal.edu.co
    [telefono] => 313270352
    [fecha_ingreso] => 2024-09-01 23:10:45
    [id_estado] => 1
)

[23-Oct-2024 17:33:28 Europe/Berlin] Clave ingresada: 23z%IOK&075B
[23-Oct-2024 17:33:28 Europe/Berlin] Clave en BD: $2y$10$RX.nllUL/ijnZu8zEUS1luMDnHTOQ4Wou4viR7ldhi5bsGkMKhRYu
[23-Oct-2024 17:33:28 Europe/Berlin] Resultado de password_verify: true
[23-Oct-2024 17:33:28 Europe/Berlin] Estado del usuario: 1
[23-Oct-2024 17:33:28 Europe/Berlin] Comparación de estado: true
[23-Oct-2024 17:33:28 Europe/Berlin] Hashed password: $2y$10$VhsFnrjew6EH.oWh7p7Sl.p0WZphQGFHFUqnShxQYGUb.U3nPQTSy

[23-Oct-2024 17:33:28 Europe/Berlin] Stored password: $2y$10$RX.nllUL/ijnZu8zEUS1luMDnHTOQ4Wou4viR7ldhi5bsGkMKhRYu

[23-Oct-2024 17:33:28 Europe/Berlin] Passwords match: false

[23-Oct-2024 17:33:28 Europe/Berlin] Inicio de sesión exitoso para el usuario: Serch
[23-Oct-2024 17:33:30 Europe/Berlin] Iniciando loginUser
[23-Oct-2024 17:33:30 Europe/Berlin] Usuario consultado: Array
(
    [id_tdoc] => 1
    [id_usuario] => 1031642393
    [nombre1] => Sergio
    [nombre2] => Esteban
    [apellido1] => Chaparro
    [apellido2] => Noguera
    [id_rol] => 3
    [usuario] => Serch
    [clave] => $2y$10$RX.nllUL/ijnZu8zEUS1luMDnHTOQ4Wou4viR7ldhi5bsGkMKhRYu
    [correo] => sechaparron@unal.edu.co
    [telefono] => 313270352
    [fecha_ingreso] => 2024-09-01 23:10:45
    [id_estado] => 1
)

[23-Oct-2024 17:33:30 Europe/Berlin] Clave ingresada: 23z%IOK&075B
[23-Oct-2024 17:33:30 Europe/Berlin] Clave en BD: $2y$10$RX.nllUL/ijnZu8zEUS1luMDnHTOQ4Wou4viR7ldhi5bsGkMKhRYu
[23-Oct-2024 17:33:30 Europe/Berlin] Resultado de password_verify: true
[23-Oct-2024 17:33:30 Europe/Berlin] Estado del usuario: 1
[23-Oct-2024 17:33:30 Europe/Berlin] Comparación de estado: true
[23-Oct-2024 17:33:30 Europe/Berlin] Hashed password: $2y$10$PZlW8vWOM8tq/3/CX4m0LOov.rydpfqwcFL1wvfp3zcZ/3Xn/rQ4i

[23-Oct-2024 17:33:30 Europe/Berlin] Stored password: $2y$10$RX.nllUL/ijnZu8zEUS1luMDnHTOQ4Wou4viR7ldhi5bsGkMKhRYu

[23-Oct-2024 17:33:30 Europe/Berlin] Passwords match: false

[23-Oct-2024 17:33:30 Europe/Berlin] Inicio de sesión exitoso para el usuario: Serch
[23-Oct-2024 17:35:12 Europe/Berlin] Iniciando loginUser
[23-Oct-2024 17:35:12 Europe/Berlin] Usuario consultado: Array
(
    [id_tdoc] => 1
    [id_usuario] => 1031642393
    [nombre1] => Sergio
    [nombre2] => Esteban
    [apellido1] => Chaparro
    [apellido2] => Noguera
    [id_rol] => 3
    [usuario] => Serch
    [clave] => $2y$10$RX.nllUL/ijnZu8zEUS1luMDnHTOQ4Wou4viR7ldhi5bsGkMKhRYu
    [correo] => sechaparron@unal.edu.co
    [telefono] => 313270352
    [fecha_ingreso] => 2024-09-01 23:10:45
    [id_estado] => 1
)

[23-Oct-2024 17:35:12 Europe/Berlin] Clave ingresada: 23z%IOK&075B
[23-Oct-2024 17:35:12 Europe/Berlin] Clave en BD: $2y$10$RX.nllUL/ijnZu8zEUS1luMDnHTOQ4Wou4viR7ldhi5bsGkMKhRYu
[23-Oct-2024 17:35:13 Europe/Berlin] Resultado de password_verify: true
[23-Oct-2024 17:35:13 Europe/Berlin] Estado del usuario: 1
[23-Oct-2024 17:35:13 Europe/Berlin] Comparación de estado: true
[23-Oct-2024 17:35:13 Europe/Berlin] Hashed password: $2y$10$mHwy4lGa2EXrLNQ0R2.Wgu0fXUr0ss.QpNVdKifvgJIwGKDx0la2.

[23-Oct-2024 17:35:13 Europe/Berlin] Stored password: $2y$10$RX.nllUL/ijnZu8zEUS1luMDnHTOQ4Wou4viR7ldhi5bsGkMKhRYu

[23-Oct-2024 17:35:13 Europe/Berlin] Passwords match: false

[23-Oct-2024 17:35:13 Europe/Berlin] Inicio de sesión exitoso para el usuario: Serch
[23-Oct-2024 17:38:19 Europe/Berlin] Iniciando loginUser
[23-Oct-2024 17:38:19 Europe/Berlin] Usuario consultado: Array
(
    [id_tdoc] => 1
    [id_usuario] => 1031642393
    [nombre1] => Sergio
    [nombre2] => Esteban
    [apellido1] => Chaparro
    [apellido2] => Noguera
    [id_rol] => 3
    [usuario] => Serch
    [clave] => $2y$10$RX.nllUL/ijnZu8zEUS1luMDnHTOQ4Wou4viR7ldhi5bsGkMKhRYu
    [correo] => sechaparron@unal.edu.co
    [telefono] => 313270352
    [fecha_ingreso] => 2024-09-01 23:10:45
    [id_estado] => 1
)

[23-Oct-2024 17:38:19 Europe/Berlin] Clave ingresada: 23z%IOK&075B
[23-Oct-2024 17:38:19 Europe/Berlin] Clave en BD: $2y$10$RX.nllUL/ijnZu8zEUS1luMDnHTOQ4Wou4viR7ldhi5bsGkMKhRYu
[23-Oct-2024 17:38:19 Europe/Berlin] Resultado de password_verify: true
[23-Oct-2024 17:38:19 Europe/Berlin] Estado del usuario: 1
[23-Oct-2024 17:38:19 Europe/Berlin] Comparación de estado: true
[23-Oct-2024 17:38:19 Europe/Berlin] Hashed password: $2y$10$e/odGlQWh7032Yk9lOBKAue4w7bbaorjiBxQ/0y5KZsfipGFzvjiO

[23-Oct-2024 17:38:19 Europe/Berlin] Stored password: $2y$10$RX.nllUL/ijnZu8zEUS1luMDnHTOQ4Wou4viR7ldhi5bsGkMKhRYu

[23-Oct-2024 17:38:19 Europe/Berlin] Passwords match: false

[23-Oct-2024 17:38:19 Europe/Berlin] Inicio de sesión exitoso para el usuario: Serch
[23-Oct-2024 17:42:47 Europe/Berlin] Iniciando loginUser
[23-Oct-2024 17:42:47 Europe/Berlin] Usuario consultado: Array
(
    [id_tdoc] => 1
    [id_usuario] => 1031642393
    [nombre1] => Sergio
    [nombre2] => Esteban
    [apellido1] => Chaparro
    [apellido2] => Noguera
    [id_rol] => 3
    [usuario] => Serch
    [clave] => $2y$10$RX.nllUL/ijnZu8zEUS1luMDnHTOQ4Wou4viR7ldhi5bsGkMKhRYu
    [correo] => sechaparron@unal.edu.co
    [telefono] => 313270352
    [fecha_ingreso] => 2024-09-01 23:10:45
    [id_estado] => 1
)

[23-Oct-2024 17:42:47 Europe/Berlin] Clave ingresada: 23z%IOK&075B
[23-Oct-2024 17:42:47 Europe/Berlin] Clave en BD: $2y$10$RX.nllUL/ijnZu8zEUS1luMDnHTOQ4Wou4viR7ldhi5bsGkMKhRYu
[23-Oct-2024 17:42:47 Europe/Berlin] Resultado de password_verify: true
[23-Oct-2024 17:42:47 Europe/Berlin] Estado del usuario: 1
[23-Oct-2024 17:42:47 Europe/Berlin] Comparación de estado: true
[23-Oct-2024 17:42:47 Europe/Berlin] Hashed password: $2y$10$WqhzW/0Q.ORmZSN28BNJ9e4/pjZ0GZtnJoiWjPkkzK5AmlXBHcXWa

[23-Oct-2024 17:42:47 Europe/Berlin] Stored password: $2y$10$RX.nllUL/ijnZu8zEUS1luMDnHTOQ4Wou4viR7ldhi5bsGkMKhRYu

[23-Oct-2024 17:42:47 Europe/Berlin] Passwords match: false

[23-Oct-2024 17:42:47 Europe/Berlin] Inicio de sesión exitoso para el usuario: Serch
[23-Oct-2024 17:43:27 Europe/Berlin] Iniciando loginUser
[23-Oct-2024 17:43:27 Europe/Berlin] Usuario consultado: Array
(
    [id_tdoc] => 1
    [id_usuario] => 1031642393
    [nombre1] => Sergio
    [nombre2] => Esteban
    [apellido1] => Chaparro
    [apellido2] => Noguera
    [id_rol] => 3
    [usuario] => Serch
    [clave] => $2y$10$RX.nllUL/ijnZu8zEUS1luMDnHTOQ4Wou4viR7ldhi5bsGkMKhRYu
    [correo] => sechaparron@unal.edu.co
    [telefono] => 313270352
    [fecha_ingreso] => 2024-09-01 23:10:45
    [id_estado] => 1
)

[23-Oct-2024 17:43:27 Europe/Berlin] Clave ingresada: 23z%IOK&075B
[23-Oct-2024 17:43:27 Europe/Berlin] Clave en BD: $2y$10$RX.nllUL/ijnZu8zEUS1luMDnHTOQ4Wou4viR7ldhi5bsGkMKhRYu
[23-Oct-2024 17:43:27 Europe/Berlin] Resultado de password_verify: true
[23-Oct-2024 17:43:27 Europe/Berlin] Estado del usuario: 1
[23-Oct-2024 17:43:27 Europe/Berlin] Comparación de estado: true
[23-Oct-2024 17:43:27 Europe/Berlin] Hashed password: $2y$10$nQ5ve8/75rUqT9HIs39BXer9lssv2Q6m.C30jnqcwlk/ZNYBLVlXu

[23-Oct-2024 17:43:27 Europe/Berlin] Stored password: $2y$10$RX.nllUL/ijnZu8zEUS1luMDnHTOQ4Wou4viR7ldhi5bsGkMKhRYu

[23-Oct-2024 17:43:27 Europe/Berlin] Passwords match: false

[23-Oct-2024 17:43:27 Europe/Berlin] Inicio de sesión exitoso para el usuario: Serch
[23-Oct-2024 18:49:34 Europe/Berlin] Iniciando loginUser
[23-Oct-2024 18:49:34 Europe/Berlin] Usuario consultado: Array
(
    [id_tdoc] => 1
    [id_usuario] => 1031642393
    [nombre1] => Sergio
    [nombre2] => Esteban
    [apellido1] => Chaparro
    [apellido2] => Noguera
    [id_rol] => 3
    [usuario] => Serch
    [clave] => $2y$10$RX.nllUL/ijnZu8zEUS1luMDnHTOQ4Wou4viR7ldhi5bsGkMKhRYu
    [correo] => sechaparron@unal.edu.co
    [telefono] => 313270352
    [fecha_ingreso] => 2024-09-01 23:10:45
    [id_estado] => 1
)

[23-Oct-2024 18:49:34 Europe/Berlin] Clave ingresada: 23z%IOK&075B
[23-Oct-2024 18:49:34 Europe/Berlin] Clave en BD: $2y$10$RX.nllUL/ijnZu8zEUS1luMDnHTOQ4Wou4viR7ldhi5bsGkMKhRYu
[23-Oct-2024 18:49:34 Europe/Berlin] Resultado de password_verify: true
[23-Oct-2024 18:49:34 Europe/Berlin] Estado del usuario: 1
[23-Oct-2024 18:49:34 Europe/Berlin] Comparación de estado: true
[23-Oct-2024 18:49:34 Europe/Berlin] Hashed password: $2y$10$Lf/eUHSvzChfJ.wvnKmww.qa0g.KHdqH2qJ8YfJ/GTHTx.do2OgPa

[23-Oct-2024 18:49:34 Europe/Berlin] Stored password: $2y$10$RX.nllUL/ijnZu8zEUS1luMDnHTOQ4Wou4viR7ldhi5bsGkMKhRYu

[23-Oct-2024 18:49:34 Europe/Berlin] Passwords match: false

[23-Oct-2024 18:49:34 Europe/Berlin] Inicio de sesión exitoso para el usuario: Serch
[24-Oct-2024 21:12:29 Europe/Berlin] Iniciando loginUser
[24-Oct-2024 21:12:29 Europe/Berlin] Usuario consultado: Array
(
    [id_tdoc] => 1
    [id_usuario] => 1031642393
    [nombre1] => Sergio
    [nombre2] => Esteban
    [apellido1] => Chaparro
    [apellido2] => Noguera
    [id_rol] => 3
    [usuario] => Serch
    [clave] => $2y$10$RX.nllUL/ijnZu8zEUS1luMDnHTOQ4Wou4viR7ldhi5bsGkMKhRYu
    [correo] => sechaparron@unal.edu.co
    [telefono] => 313270352
    [fecha_ingreso] => 2024-09-01 23:10:45
    [id_estado] => 1
)

[24-Oct-2024 21:12:29 Europe/Berlin] Clave ingresada: 23z%IOK&075B
[24-Oct-2024 21:12:29 Europe/Berlin] Clave en BD: $2y$10$RX.nllUL/ijnZu8zEUS1luMDnHTOQ4Wou4viR7ldhi5bsGkMKhRYu
[24-Oct-2024 21:12:29 Europe/Berlin] Resultado de password_verify: true
[24-Oct-2024 21:12:29 Europe/Berlin] Estado del usuario: 1
[24-Oct-2024 21:12:29 Europe/Berlin] Comparación de estado: true
[24-Oct-2024 21:12:29 Europe/Berlin] Hashed password: $2y$10$siJg8yk3F19BvMfOa9f3LuU4KXMGfOCmNEmse81Q1HQeS5qSDHR3W

[24-Oct-2024 21:12:29 Europe/Berlin] Stored password: $2y$10$RX.nllUL/ijnZu8zEUS1luMDnHTOQ4Wou4viR7ldhi5bsGkMKhRYu

[24-Oct-2024 21:12:30 Europe/Berlin] Passwords match: false

[24-Oct-2024 21:12:30 Europe/Berlin] Inicio de sesión exitoso para el usuario: Serch
[28-Oct-2024 18:03:47 Europe/Berlin] Iniciando loginUser
[28-Oct-2024 18:03:47 Europe/Berlin] Usuario consultado: Array
(
    [id_tdoc] => 1
    [id_usuario] => 1031642393
    [nombre1] => Sergio
    [nombre2] => Esteban
    [apellido1] => Chaparro
    [apellido2] => Noguera
    [id_rol] => 3
    [usuario] => Serch
    [clave] => $2y$10$RX.nllUL/ijnZu8zEUS1luMDnHTOQ4Wou4viR7ldhi5bsGkMKhRYu
    [correo] => sechaparron@unal.edu.co
    [telefono] => 313270352
    [fecha_ingreso] => 2024-09-01 23:10:45
    [id_estado] => 1
)

[28-Oct-2024 18:03:47 Europe/Berlin] Clave ingresada: 23z%IOK&075B
[28-Oct-2024 18:03:47 Europe/Berlin] Clave en BD: $2y$10$RX.nllUL/ijnZu8zEUS1luMDnHTOQ4Wou4viR7ldhi5bsGkMKhRYu
[28-Oct-2024 18:03:47 Europe/Berlin] Resultado de password_verify: true
[28-Oct-2024 18:03:47 Europe/Berlin] Estado del usuario: 1
[28-Oct-2024 18:03:47 Europe/Berlin] Comparación de estado: true
[28-Oct-2024 18:03:47 Europe/Berlin] Hashed password: $2y$10$DWFQIxJ8rR19HqNikU7Ovu2DMUDdXcKuP7TAqaT3Zf3.sm7Dm5vte

[28-Oct-2024 18:03:47 Europe/Berlin] Stored password: $2y$10$RX.nllUL/ijnZu8zEUS1luMDnHTOQ4Wou4viR7ldhi5bsGkMKhRYu

[28-Oct-2024 18:03:48 Europe/Berlin] Passwords match: false

[28-Oct-2024 18:03:48 Europe/Berlin] Inicio de sesión exitoso para el usuario: Serch
[28-Oct-2024 20:25:52 Europe/Berlin] Iniciando loginUser
[28-Oct-2024 20:25:52 Europe/Berlin] Usuario consultado: Array
(
    [id_tdoc] => 1
    [id_usuario] => 1031642393
    [nombre1] => Sergio
    [nombre2] => Esteban
    [apellido1] => Chaparro
    [apellido2] => Noguera
    [id_rol] => 3
    [usuario] => Serch
    [clave] => $2y$10$RX.nllUL/ijnZu8zEUS1luMDnHTOQ4Wou4viR7ldhi5bsGkMKhRYu
    [correo] => sechaparron@unal.edu.co
    [telefono] => 313270352
    [fecha_ingreso] => 2024-09-01 23:10:45
    [id_estado] => 1
)

[28-Oct-2024 20:25:52 Europe/Berlin] Clave ingresada: 23z%IOK&075B
[28-Oct-2024 20:25:52 Europe/Berlin] Clave en BD: $2y$10$RX.nllUL/ijnZu8zEUS1luMDnHTOQ4Wou4viR7ldhi5bsGkMKhRYu
[28-Oct-2024 20:25:52 Europe/Berlin] Resultado de password_verify: true
[28-Oct-2024 20:25:52 Europe/Berlin] Estado del usuario: 1
[28-Oct-2024 20:25:52 Europe/Berlin] Comparación de estado: true
[28-Oct-2024 20:25:52 Europe/Berlin] Hashed password: $2y$10$yPDblAymBfL.33ZXJ4vU8.FgO7fBKBTtNdZLysZC4GnSQZ5.cjj1y

[28-Oct-2024 20:25:52 Europe/Berlin] Stored password: $2y$10$RX.nllUL/ijnZu8zEUS1luMDnHTOQ4Wou4viR7ldhi5bsGkMKhRYu

[28-Oct-2024 20:25:52 Europe/Berlin] Passwords match: false

[28-Oct-2024 20:25:52 Europe/Berlin] Inicio de sesión exitoso para el usuario: Serch
[30-Oct-2024 16:24:43 Europe/Berlin] Iniciando loginUser
[30-Oct-2024 16:24:43 Europe/Berlin] Usuario consultado: Array
(
    [id_tdoc] => 1
    [id_usuario] => 1031642393
    [nombre1] => Sergio
    [nombre2] => Esteban
    [apellido1] => Chaparro
    [apellido2] => Noguera
    [id_rol] => 3
    [usuario] => Serch
    [clave] => $2y$10$RX.nllUL/ijnZu8zEUS1luMDnHTOQ4Wou4viR7ldhi5bsGkMKhRYu
    [correo] => sechaparron@unal.edu.co
    [telefono] => 313270352
    [fecha_ingreso] => 2024-09-01 23:10:45
    [id_estado] => 1
)

[30-Oct-2024 16:24:43 Europe/Berlin] Clave ingresada: 23z%IOK&075B
[30-Oct-2024 16:24:43 Europe/Berlin] Clave en BD: $2y$10$RX.nllUL/ijnZu8zEUS1luMDnHTOQ4Wou4viR7ldhi5bsGkMKhRYu
[30-Oct-2024 16:24:43 Europe/Berlin] Resultado de password_verify: true
[30-Oct-2024 16:24:43 Europe/Berlin] Estado del usuario: 1
[30-Oct-2024 16:24:43 Europe/Berlin] Comparación de estado: true
[30-Oct-2024 16:24:43 Europe/Berlin] Hashed password: $2y$10$MqhgSzbyMwP1vex38QUeFOReRSdXGpCGqJoZfqidY64XI9WVbB8Pe

[30-Oct-2024 16:24:43 Europe/Berlin] Stored password: $2y$10$RX.nllUL/ijnZu8zEUS1luMDnHTOQ4Wou4viR7ldhi5bsGkMKhRYu

[30-Oct-2024 16:24:43 Europe/Berlin] Passwords match: false

[30-Oct-2024 16:24:43 Europe/Berlin] Inicio de sesión exitoso para el usuario: Serch
[01-Nov-2024 05:29:14 Europe/Berlin] Iniciando loginUser
[01-Nov-2024 05:29:14 Europe/Berlin] Usuario consultado: Array
(
    [id_tdoc] => 1
    [id_usuario] => 1031642393
    [nombre1] => Sergio
    [nombre2] => Esteban
    [apellido1] => Chaparro
    [apellido2] => Noguera
    [id_rol] => 3
    [usuario] => Serch
    [clave] => $2y$10$RX.nllUL/ijnZu8zEUS1luMDnHTOQ4Wou4viR7ldhi5bsGkMKhRYu
    [correo] => sechaparron@unal.edu.co
    [telefono] => 313270352
    [fecha_ingreso] => 2024-09-01 23:10:45
    [id_estado] => 1
)

[01-Nov-2024 05:29:14 Europe/Berlin] Clave ingresada: 23z%IOK&075B
[01-Nov-2024 05:29:14 Europe/Berlin] Clave en BD: $2y$10$RX.nllUL/ijnZu8zEUS1luMDnHTOQ4Wou4viR7ldhi5bsGkMKhRYu
[01-Nov-2024 05:29:14 Europe/Berlin] Resultado de password_verify: true
[01-Nov-2024 05:29:14 Europe/Berlin] Estado del usuario: 1
[01-Nov-2024 05:29:14 Europe/Berlin] Comparación de estado: true
[01-Nov-2024 05:29:14 Europe/Berlin] Hashed password: $2y$10$C0WAdchauBYR/.e6CtF84OUi6b6hV5c4CJu91C8RxiqS3PrJIDW.m

[01-Nov-2024 05:29:14 Europe/Berlin] Stored password: $2y$10$RX.nllUL/ijnZu8zEUS1luMDnHTOQ4Wou4viR7ldhi5bsGkMKhRYu

[01-Nov-2024 05:29:14 Europe/Berlin] Passwords match: false

[01-Nov-2024 05:29:14 Europe/Berlin] Inicio de sesión exitoso para el usuario: Serch
[14-Nov-2024 22:53:53 Europe/Berlin] Iniciando loginUser
[14-Nov-2024 22:53:53 Europe/Berlin] Usuario consultado: Array
(
    [id_tdoc] => 1
    [id_usuario] => 1031642393
    [nombre1] => Sergio
    [nombre2] => Esteban
    [apellido1] => Chaparro
    [apellido2] => Noguera
    [id_rol] => 3
    [usuario] => Serch
    [clave] => $2y$10$RX.nllUL/ijnZu8zEUS1luMDnHTOQ4Wou4viR7ldhi5bsGkMKhRYu
    [correo] => sechaparron@unal.edu.co
    [telefono] => 313270352
    [fecha_ingreso] => 2024-09-01 23:10:45
    [id_estado] => 1
)

[14-Nov-2024 22:53:53 Europe/Berlin] Clave ingresada: 23z%IOK&075B
[14-Nov-2024 22:53:53 Europe/Berlin] Clave en BD: $2y$10$RX.nllUL/ijnZu8zEUS1luMDnHTOQ4Wou4viR7ldhi5bsGkMKhRYu
[14-Nov-2024 22:53:53 Europe/Berlin] Resultado de password_verify: true
[14-Nov-2024 22:53:53 Europe/Berlin] Estado del usuario: 1
[14-Nov-2024 22:53:53 Europe/Berlin] Comparación de estado: true
[14-Nov-2024 22:53:53 Europe/Berlin] Hashed password: $2y$10$Z9PhXloo3b42je/DBhjU6.PnM.ClYISSJbfZebEY2s/4YDhnyMo3a

[14-Nov-2024 22:53:53 Europe/Berlin] Stored password: $2y$10$RX.nllUL/ijnZu8zEUS1luMDnHTOQ4Wou4viR7ldhi5bsGkMKhRYu

[14-Nov-2024 22:53:53 Europe/Berlin] Passwords match: false

[14-Nov-2024 22:53:53 Europe/Berlin] Inicio de sesión exitoso para el usuario: Serch
[14-Nov-2024 23:52:21 Europe/Berlin] Iniciando loginUser
[14-Nov-2024 23:52:21 Europe/Berlin] Usuario consultado: Array
(
    [id_tdoc] => 1
    [id_usuario] => 1031642393
    [nombre1] => Sergio
    [nombre2] => Esteban
    [apellido1] => Chaparro
    [apellido2] => Noguera
    [id_rol] => 3
    [usuario] => Serch
    [clave] => $2y$10$RX.nllUL/ijnZu8zEUS1luMDnHTOQ4Wou4viR7ldhi5bsGkMKhRYu
    [correo] => sechaparron@unal.edu.co
    [telefono] => 313270352
    [fecha_ingreso] => 2024-09-01 23:10:45
    [id_estado] => 1
)

[14-Nov-2024 23:52:21 Europe/Berlin] Clave ingresada: 23z%IOK&075B
[14-Nov-2024 23:52:21 Europe/Berlin] Clave en BD: $2y$10$RX.nllUL/ijnZu8zEUS1luMDnHTOQ4Wou4viR7ldhi5bsGkMKhRYu
[14-Nov-2024 23:52:21 Europe/Berlin] Resultado de password_verify: true
[14-Nov-2024 23:52:21 Europe/Berlin] Estado del usuario: 1
[14-Nov-2024 23:52:21 Europe/Berlin] Comparación de estado: true
[14-Nov-2024 23:52:21 Europe/Berlin] Hashed password: $2y$10$6qbZ84MWQOLUZLlaiX6oCuSTlkiai8X7HCFNvlaQNjJ3UlSAzgwxm

[14-Nov-2024 23:52:21 Europe/Berlin] Stored password: $2y$10$RX.nllUL/ijnZu8zEUS1luMDnHTOQ4Wou4viR7ldhi5bsGkMKhRYu

[14-Nov-2024 23:52:21 Europe/Berlin] Passwords match: false

[14-Nov-2024 23:52:21 Europe/Berlin] Inicio de sesión exitoso para el usuario: Serch
[17-Jan-2025 14:19:32 Europe/Berlin] Iniciando loginUser
[17-Jan-2025 14:19:32 Europe/Berlin] Usuario consultado: Array
(
    [id_tdoc] => 1
    [id_usuario] => 1031642393
    [nombre1] => Sergio
    [nombre2] => Esteban
    [apellido1] => Chaparro
    [apellido2] => Noguera
    [id_rol] => 3
    [usuario] => Serch
    [clave] => $2y$10$RX.nllUL/ijnZu8zEUS1luMDnHTOQ4Wou4viR7ldhi5bsGkMKhRYu
    [correo] => sechaparron@unal.edu.co
    [telefono] => 313270352
    [fecha_ingreso] => 2024-09-01 23:10:45
    [id_estado] => 1
)

[17-Jan-2025 14:19:32 Europe/Berlin] Clave ingresada: 23z%IOK&075B
[17-Jan-2025 14:19:32 Europe/Berlin] Clave en BD: $2y$10$RX.nllUL/ijnZu8zEUS1luMDnHTOQ4Wou4viR7ldhi5bsGkMKhRYu
[17-Jan-2025 14:19:32 Europe/Berlin] Resultado de password_verify: true
[17-Jan-2025 14:19:32 Europe/Berlin] Estado del usuario: 1
[17-Jan-2025 14:19:32 Europe/Berlin] Comparación de estado: true
[17-Jan-2025 14:19:32 Europe/Berlin] Hashed password: $2y$10$OyPL1M7BXNsfoR/6DxxYiucW9yguT51r1EVS/asVwDaDrt5jr7mOq

[17-Jan-2025 14:19:32 Europe/Berlin] Stored password: $2y$10$RX.nllUL/ijnZu8zEUS1luMDnHTOQ4Wou4viR7ldhi5bsGkMKhRYu

[17-Jan-2025 14:19:32 Europe/Berlin] Passwords match: false

[17-Jan-2025 14:19:32 Europe/Berlin] Inicio de sesión exitoso para el usuario: Serch
[11-Feb-2025 23:04:25 Europe/Berlin] Iniciando loginUser
[11-Feb-2025 23:04:25 Europe/Berlin] Usuario consultado: Array
(
    [id_tdoc] => 1
    [id_usuario] => 1031642393
    [nombre1] => Sergio
    [nombre2] => Esteban
    [apellido1] => Chaparro
    [apellido2] => Noguera
    [id_rol] => 3
    [usuario] => Serch
    [clave] => $2y$10$RX.nllUL/ijnZu8zEUS1luMDnHTOQ4Wou4viR7ldhi5bsGkMKhRYu
    [correo] => sechaparron@unal.edu.co
    [telefono] => 313270352
    [fecha_ingreso] => 2024-09-01 23:10:45
    [id_estado] => 1
)

[11-Feb-2025 23:04:25 Europe/Berlin] Clave ingresada: 23z%IOK&075B
[11-Feb-2025 23:04:25 Europe/Berlin] Clave en BD: $2y$10$RX.nllUL/ijnZu8zEUS1luMDnHTOQ4Wou4viR7ldhi5bsGkMKhRYu
[11-Feb-2025 23:04:25 Europe/Berlin] Resultado de password_verify: true
[11-Feb-2025 23:04:25 Europe/Berlin] Estado del usuario: 1
[11-Feb-2025 23:04:25 Europe/Berlin] Comparación de estado: true
[11-Feb-2025 23:04:25 Europe/Berlin] Hashed password: $2y$10$cei2SePJB7MOqCUIDgVA..0KL4w7JciIMVNjndvW0x5UkhpOANgsq

[11-Feb-2025 23:04:25 Europe/Berlin] Stored password: $2y$10$RX.nllUL/ijnZu8zEUS1luMDnHTOQ4Wou4viR7ldhi5bsGkMKhRYu

[11-Feb-2025 23:04:25 Europe/Berlin] Passwords match: false

[11-Feb-2025 23:04:25 Europe/Berlin] Inicio de sesión exitoso para el usuario: Serch
[11-Feb-2025 23:04:51 Europe/Berlin] Iniciando loginUser
[11-Feb-2025 23:04:51 Europe/Berlin] Usuario consultado: Array
(
    [id_tdoc] => 1
    [id_usuario] => 1031642393
    [nombre1] => Sergio
    [nombre2] => Esteban
    [apellido1] => Chaparro
    [apellido2] => Noguera
    [id_rol] => 3
    [usuario] => Serch
    [clave] => $2y$10$RX.nllUL/ijnZu8zEUS1luMDnHTOQ4Wou4viR7ldhi5bsGkMKhRYu
    [correo] => sechaparron@unal.edu.co
    [telefono] => 313270352
    [fecha_ingreso] => 2024-09-01 23:10:45
    [id_estado] => 1
)

[11-Feb-2025 23:04:51 Europe/Berlin] Clave ingresada: 23z%IOK&075B
[11-Feb-2025 23:04:51 Europe/Berlin] Clave en BD: $2y$10$RX.nllUL/ijnZu8zEUS1luMDnHTOQ4Wou4viR7ldhi5bsGkMKhRYu
[11-Feb-2025 23:04:51 Europe/Berlin] Resultado de password_verify: true
[11-Feb-2025 23:04:51 Europe/Berlin] Estado del usuario: 1
[11-Feb-2025 23:04:51 Europe/Berlin] Comparación de estado: true
[11-Feb-2025 23:04:51 Europe/Berlin] Hashed password: $2y$10$Bx53L2b4l6bTvH4nSrUfnOTA5gMw50AD7oAwXg9.lZ/bqpODT6tvu

[11-Feb-2025 23:04:51 Europe/Berlin] Stored password: $2y$10$RX.nllUL/ijnZu8zEUS1luMDnHTOQ4Wou4viR7ldhi5bsGkMKhRYu

[11-Feb-2025 23:04:51 Europe/Berlin] Passwords match: false

[11-Feb-2025 23:04:51 Europe/Berlin] Inicio de sesión exitoso para el usuario: Serch
[11-Feb-2025 23:10:29 Europe/Berlin] Iniciando loginUser
[11-Feb-2025 23:10:29 Europe/Berlin] Usuario consultado: Array
(
    [id_tdoc] => 1
    [id_usuario] => 1031642393
    [nombre1] => Sergio
    [nombre2] => Esteban
    [apellido1] => Chaparro
    [apellido2] => Noguera
    [id_rol] => 3
    [usuario] => Serch
    [clave] => $2y$10$RX.nllUL/ijnZu8zEUS1luMDnHTOQ4Wou4viR7ldhi5bsGkMKhRYu
    [correo] => sechaparron@unal.edu.co
    [telefono] => 313270352
    [fecha_ingreso] => 2024-09-01 23:10:45
    [id_estado] => 1
)

[11-Feb-2025 23:10:29 Europe/Berlin] Clave ingresada: 23z%IOK&075B
[11-Feb-2025 23:10:29 Europe/Berlin] Clave en BD: $2y$10$RX.nllUL/ijnZu8zEUS1luMDnHTOQ4Wou4viR7ldhi5bsGkMKhRYu
[11-Feb-2025 23:10:29 Europe/Berlin] Resultado de password_verify: true
[11-Feb-2025 23:10:29 Europe/Berlin] Estado del usuario: 1
[11-Feb-2025 23:10:29 Europe/Berlin] Comparación de estado: true
[11-Feb-2025 23:10:29 Europe/Berlin] Hashed password: $2y$10$RABcrSJNHMO0peu0e/IcV.yQCb77ZMFIRwygj4c1lIT6Wbd119/B2

[11-Feb-2025 23:10:29 Europe/Berlin] Stored password: $2y$10$RX.nllUL/ijnZu8zEUS1luMDnHTOQ4Wou4viR7ldhi5bsGkMKhRYu

[11-Feb-2025 23:10:29 Europe/Berlin] Passwords match: false

[11-Feb-2025 23:10:29 Europe/Berlin] Inicio de sesión exitoso para el usuario: Serch
[11-Feb-2025 23:17:56 Europe/Berlin] Iniciando loginUser
[11-Feb-2025 23:17:56 Europe/Berlin] Usuario consultado: Array
(
    [id_tdoc] => 1
    [id_usuario] => 1031642393
    [nombre1] => Sergio
    [nombre2] => Esteban
    [apellido1] => Chaparro
    [apellido2] => Noguera
    [id_rol] => 3
    [usuario] => Serch
    [clave] => $2y$10$RX.nllUL/ijnZu8zEUS1luMDnHTOQ4Wou4viR7ldhi5bsGkMKhRYu
    [correo] => sechaparron@unal.edu.co
    [telefono] => 313270352
    [fecha_ingreso] => 2024-09-01 23:10:45
    [id_estado] => 1
)

[11-Feb-2025 23:17:56 Europe/Berlin] Clave ingresada: 23z%IOK&075Bk
[11-Feb-2025 23:17:56 Europe/Berlin] Clave en BD: $2y$10$RX.nllUL/ijnZu8zEUS1luMDnHTOQ4Wou4viR7ldhi5bsGkMKhRYu
[11-Feb-2025 23:17:56 Europe/Berlin] Resultado de password_verify: false
[11-Feb-2025 23:17:56 Europe/Berlin] Estado del usuario: 1
[11-Feb-2025 23:17:56 Europe/Berlin] Comparación de estado: true
[11-Feb-2025 23:17:56 Europe/Berlin] Hashed password: $2y$10$dX1pPw7d8X.lqIPW4e0yfOyaYPIAkyQhFJ.yHguSfFFrJpQlkStea

[11-Feb-2025 23:17:56 Europe/Berlin] Stored password: $2y$10$RX.nllUL/ijnZu8zEUS1luMDnHTOQ4Wou4viR7ldhi5bsGkMKhRYu

[11-Feb-2025 23:17:56 Europe/Berlin] Passwords match: false

[11-Feb-2025 23:17:56 Europe/Berlin] Credenciales incorrectas para el usuario: Serch
[11-Feb-2025 23:17:57 Europe/Berlin] Iniciando loginUser
[11-Feb-2025 23:17:57 Europe/Berlin] Usuario consultado: Array
(
    [id_tdoc] => 1
    [id_usuario] => 1031642393
    [nombre1] => Sergio
    [nombre2] => Esteban
    [apellido1] => Chaparro
    [apellido2] => Noguera
    [id_rol] => 3
    [usuario] => Serch
    [clave] => $2y$10$RX.nllUL/ijnZu8zEUS1luMDnHTOQ4Wou4viR7ldhi5bsGkMKhRYu
    [correo] => sechaparron@unal.edu.co
    [telefono] => 313270352
    [fecha_ingreso] => 2024-09-01 23:10:45
    [id_estado] => 1
)

[11-Feb-2025 23:17:57 Europe/Berlin] Clave ingresada: 23z%IOK&075B
[11-Feb-2025 23:17:57 Europe/Berlin] Clave en BD: $2y$10$RX.nllUL/ijnZu8zEUS1luMDnHTOQ4Wou4viR7ldhi5bsGkMKhRYu
[11-Feb-2025 23:17:57 Europe/Berlin] Resultado de password_verify: true
[11-Feb-2025 23:17:57 Europe/Berlin] Estado del usuario: 1
[11-Feb-2025 23:17:57 Europe/Berlin] Comparación de estado: true
[11-Feb-2025 23:17:57 Europe/Berlin] Hashed password: $2y$10$uDrN3asSYRvdAsPjSSru..NfwN8YZBT2tlfr2iiV4ZwVq9KfzUKqG

[11-Feb-2025 23:17:57 Europe/Berlin] Stored password: $2y$10$RX.nllUL/ijnZu8zEUS1luMDnHTOQ4Wou4viR7ldhi5bsGkMKhRYu

[11-Feb-2025 23:17:57 Europe/Berlin] Passwords match: false

[11-Feb-2025 23:17:57 Europe/Berlin] Inicio de sesión exitoso para el usuario: Serch
[11-Feb-2025 23:18:53 Europe/Berlin] Iniciando loginUser
[11-Feb-2025 23:18:53 Europe/Berlin] Usuario consultado: Array
(
    [id_tdoc] => 1
    [id_usuario] => 1031642393
    [nombre1] => Sergio
    [nombre2] => Esteban
    [apellido1] => Chaparro
    [apellido2] => Noguera
    [id_rol] => 3
    [usuario] => Serch
    [clave] => $2y$10$RX.nllUL/ijnZu8zEUS1luMDnHTOQ4Wou4viR7ldhi5bsGkMKhRYu
    [correo] => sechaparron@unal.edu.co
    [telefono] => 313270352
    [fecha_ingreso] => 2024-09-01 23:10:45
    [id_estado] => 1
)

[11-Feb-2025 23:18:53 Europe/Berlin] Clave ingresada: 23z%IOK&075Bsd
[11-Feb-2025 23:18:53 Europe/Berlin] Clave en BD: $2y$10$RX.nllUL/ijnZu8zEUS1luMDnHTOQ4Wou4viR7ldhi5bsGkMKhRYu
[11-Feb-2025 23:18:53 Europe/Berlin] Resultado de password_verify: false
[11-Feb-2025 23:18:53 Europe/Berlin] Estado del usuario: 1
[11-Feb-2025 23:18:53 Europe/Berlin] Comparación de estado: true
[11-Feb-2025 23:18:53 Europe/Berlin] Hashed password: $2y$10$8s27z5UFHMAnv/SBevcaY.IX7bD9nqDSsjRceu.6LigUcGPcWx3xi

[11-Feb-2025 23:18:53 Europe/Berlin] Stored password: $2y$10$RX.nllUL/ijnZu8zEUS1luMDnHTOQ4Wou4viR7ldhi5bsGkMKhRYu

[11-Feb-2025 23:18:53 Europe/Berlin] Passwords match: false

[11-Feb-2025 23:18:53 Europe/Berlin] Credenciales incorrectas para el usuario: Serch
[11-Feb-2025 23:19:00 Europe/Berlin] Iniciando loginUser
[11-Feb-2025 23:19:00 Europe/Berlin] Usuario o contraseña vacíos
[11-Feb-2025 23:19:02 Europe/Berlin] Iniciando loginUser
[11-Feb-2025 23:19:02 Europe/Berlin] Usuario o contraseña vacíos
[11-Feb-2025 23:19:07 Europe/Berlin] Iniciando loginUser
[11-Feb-2025 23:19:07 Europe/Berlin] Usuario o contraseña vacíos
[11-Feb-2025 23:19:11 Europe/Berlin] Iniciando loginUser
[11-Feb-2025 23:19:11 Europe/Berlin] Usuario consultado: Array
(
    [id_tdoc] => 1
    [id_usuario] => 1031642393
    [nombre1] => Sergio
    [nombre2] => Esteban
    [apellido1] => Chaparro
    [apellido2] => Noguera
    [id_rol] => 3
    [usuario] => Serch
    [clave] => $2y$10$RX.nllUL/ijnZu8zEUS1luMDnHTOQ4Wou4viR7ldhi5bsGkMKhRYu
    [correo] => sechaparron@unal.edu.co
    [telefono] => 313270352
    [fecha_ingreso] => 2024-09-01 23:10:45
    [id_estado] => 1
)

[11-Feb-2025 23:19:11 Europe/Berlin] Clave ingresada: 23z%IOK&075B
[11-Feb-2025 23:19:11 Europe/Berlin] Clave en BD: $2y$10$RX.nllUL/ijnZu8zEUS1luMDnHTOQ4Wou4viR7ldhi5bsGkMKhRYu
[11-Feb-2025 23:19:11 Europe/Berlin] Resultado de password_verify: true
[11-Feb-2025 23:19:11 Europe/Berlin] Estado del usuario: 1
[11-Feb-2025 23:19:11 Europe/Berlin] Comparación de estado: true
[11-Feb-2025 23:19:11 Europe/Berlin] Hashed password: $2y$10$GdvKrwVTNW6C1ye8MPaYy.uEugLeMexrYdePqyx/oQxCrrjhc657q

[11-Feb-2025 23:19:11 Europe/Berlin] Stored password: $2y$10$RX.nllUL/ijnZu8zEUS1luMDnHTOQ4Wou4viR7ldhi5bsGkMKhRYu

[11-Feb-2025 23:19:11 Europe/Berlin] Passwords match: false

[11-Feb-2025 23:19:11 Europe/Berlin] Inicio de sesión exitoso para el usuario: Serch
[11-Feb-2025 23:19:35 Europe/Berlin] Iniciando loginUser
[11-Feb-2025 23:19:35 Europe/Berlin] Usuario consultado: Array
(
    [id_tdoc] => 1
    [id_usuario] => 1031642393
    [nombre1] => Sergio
    [nombre2] => Esteban
    [apellido1] => Chaparro
    [apellido2] => Noguera
    [id_rol] => 3
    [usuario] => Serch
    [clave] => $2y$10$RX.nllUL/ijnZu8zEUS1luMDnHTOQ4Wou4viR7ldhi5bsGkMKhRYu
    [correo] => sechaparron@unal.edu.co
    [telefono] => 313270352
    [fecha_ingreso] => 2024-09-01 23:10:45
    [id_estado] => 1
)

[11-Feb-2025 23:19:35 Europe/Berlin] Clave ingresada: 23z%IOK&075B
[11-Feb-2025 23:19:35 Europe/Berlin] Clave en BD: $2y$10$RX.nllUL/ijnZu8zEUS1luMDnHTOQ4Wou4viR7ldhi5bsGkMKhRYu
[11-Feb-2025 23:19:36 Europe/Berlin] Resultado de password_verify: true
[11-Feb-2025 23:19:36 Europe/Berlin] Estado del usuario: 1
[11-Feb-2025 23:19:36 Europe/Berlin] Comparación de estado: true
[11-Feb-2025 23:19:36 Europe/Berlin] Hashed password: $2y$10$Qf9.lLTbj41R1cm8DGHt.erUkOAwv57MbUK.LTKsPh.2DH4Zhh5iq

[11-Feb-2025 23:19:36 Europe/Berlin] Stored password: $2y$10$RX.nllUL/ijnZu8zEUS1luMDnHTOQ4Wou4viR7ldhi5bsGkMKhRYu

[11-Feb-2025 23:19:36 Europe/Berlin] Passwords match: false

[11-Feb-2025 23:19:36 Europe/Berlin] Inicio de sesión exitoso para el usuario: Serch
[11-Feb-2025 23:19:59 Europe/Berlin] Iniciando loginUser
[11-Feb-2025 23:19:59 Europe/Berlin] Usuario consultado: Array
(
    [id_tdoc] => 1
    [id_usuario] => 1031642393
    [nombre1] => Sergio
    [nombre2] => Esteban
    [apellido1] => Chaparro
    [apellido2] => Noguera
    [id_rol] => 3
    [usuario] => Serch
    [clave] => $2y$10$RX.nllUL/ijnZu8zEUS1luMDnHTOQ4Wou4viR7ldhi5bsGkMKhRYu
    [correo] => sechaparron@unal.edu.co
    [telefono] => 313270352
    [fecha_ingreso] => 2024-09-01 23:10:45
    [id_estado] => 1
)

[11-Feb-2025 23:19:59 Europe/Berlin] Clave ingresada: 23z%IOK&075B
[11-Feb-2025 23:19:59 Europe/Berlin] Clave en BD: $2y$10$RX.nllUL/ijnZu8zEUS1luMDnHTOQ4Wou4viR7ldhi5bsGkMKhRYu
[11-Feb-2025 23:19:59 Europe/Berlin] Resultado de password_verify: true
[11-Feb-2025 23:19:59 Europe/Berlin] Estado del usuario: 1
[11-Feb-2025 23:19:59 Europe/Berlin] Comparación de estado: true
[11-Feb-2025 23:19:59 Europe/Berlin] Hashed password: $2y$10$K0KqU4NFfT41sB88uCsU9uYAT2AeIUD2PX3eDsylINe.V4.tf4tYC

[11-Feb-2025 23:19:59 Europe/Berlin] Stored password: $2y$10$RX.nllUL/ijnZu8zEUS1luMDnHTOQ4Wou4viR7ldhi5bsGkMKhRYu

[11-Feb-2025 23:19:59 Europe/Berlin] Passwords match: false

[11-Feb-2025 23:19:59 Europe/Berlin] Inicio de sesión exitoso para el usuario: Serch
[11-Feb-2025 23:41:53 Europe/Berlin] Iniciando loginUser
[11-Feb-2025 23:41:53 Europe/Berlin] Usuario consultado: Array
(
    [id_tdoc] => 1
    [id_usuario] => 1031642393
    [nombre1] => Sergio
    [nombre2] => Esteban
    [apellido1] => Chaparro
    [apellido2] => Noguera
    [id_rol] => 3
    [usuario] => Serch
    [clave] => $2y$10$RX.nllUL/ijnZu8zEUS1luMDnHTOQ4Wou4viR7ldhi5bsGkMKhRYu
    [correo] => sechaparron@unal.edu.co
    [telefono] => 313270352
    [fecha_ingreso] => 2024-12-11 23:10:45
    [id_estado] => 1
)

[11-Feb-2025 23:41:53 Europe/Berlin] Clave ingresada: 23z%IOK&075B
[11-Feb-2025 23:41:53 Europe/Berlin] Clave en BD: $2y$10$RX.nllUL/ijnZu8zEUS1luMDnHTOQ4Wou4viR7ldhi5bsGkMKhRYu
[11-Feb-2025 23:41:53 Europe/Berlin] Resultado de password_verify: true
[11-Feb-2025 23:41:53 Europe/Berlin] Estado del usuario: 1
[11-Feb-2025 23:41:53 Europe/Berlin] Comparación de estado: true
[11-Feb-2025 23:41:53 Europe/Berlin] Hashed password: $2y$10$llSfpYVyi8DodjEQuunoGOj5fcWWN6iVwjtPB7P4LJw0twCScn5Yi

[11-Feb-2025 23:41:53 Europe/Berlin] Stored password: $2y$10$RX.nllUL/ijnZu8zEUS1luMDnHTOQ4Wou4viR7ldhi5bsGkMKhRYu

[11-Feb-2025 23:41:53 Europe/Berlin] Passwords match: false

[11-Feb-2025 23:41:53 Europe/Berlin] Inicio de sesión exitoso para el usuario: Serch
[11-Feb-2025 23:41:56 Europe/Berlin] Iniciando loginUser
[11-Feb-2025 23:41:56 Europe/Berlin] Usuario consultado: Array
(
    [id_tdoc] => 1
    [id_usuario] => 1031642393
    [nombre1] => Sergio
    [nombre2] => Esteban
    [apellido1] => Chaparro
    [apellido2] => Noguera
    [id_rol] => 3
    [usuario] => Serch
    [clave] => $2y$10$RX.nllUL/ijnZu8zEUS1luMDnHTOQ4Wou4viR7ldhi5bsGkMKhRYu
    [correo] => sechaparron@unal.edu.co
    [telefono] => 313270352
    [fecha_ingreso] => 2024-12-11 23:10:45
    [id_estado] => 1
)

[11-Feb-2025 23:41:56 Europe/Berlin] Clave ingresada: 23z%IOK&075B
[11-Feb-2025 23:41:56 Europe/Berlin] Clave en BD: $2y$10$RX.nllUL/ijnZu8zEUS1luMDnHTOQ4Wou4viR7ldhi5bsGkMKhRYu
[11-Feb-2025 23:41:56 Europe/Berlin] Resultado de password_verify: true
[11-Feb-2025 23:41:56 Europe/Berlin] Estado del usuario: 1
[11-Feb-2025 23:41:56 Europe/Berlin] Comparación de estado: true
[11-Feb-2025 23:41:56 Europe/Berlin] Hashed password: $2y$10$RGmSfyj3lwK1Va5iV9zg5es2s/qaBGKYspMIpzeSROYbeBQPart2W

[11-Feb-2025 23:41:56 Europe/Berlin] Stored password: $2y$10$RX.nllUL/ijnZu8zEUS1luMDnHTOQ4Wou4viR7ldhi5bsGkMKhRYu

[11-Feb-2025 23:41:56 Europe/Berlin] Passwords match: false

[11-Feb-2025 23:41:56 Europe/Berlin] Inicio de sesión exitoso para el usuario: Serch
[12-Feb-2025 01:08:52 Europe/Berlin] Iniciando loginUser
[12-Feb-2025 01:08:52 Europe/Berlin] Usuario consultado: Array
(
    [id_tdoc] => 1
    [id_usuario] => 1031642393
    [nombre1] => Sergio
    [nombre2] => Esteban
    [apellido1] => Chaparro
    [apellido2] => Noguera
    [id_rol] => 3
    [usuario] => Serch
    [clave] => $2y$10$RX.nllUL/ijnZu8zEUS1luMDnHTOQ4Wou4viR7ldhi5bsGkMKhRYu
    [correo] => sechaparron@unal.edu.co
    [telefono] => 313270352
    [fecha_ingreso] => 2024-12-11 23:10:45
    [id_estado] => 1
)

[12-Feb-2025 01:08:52 Europe/Berlin] Clave ingresada: 23z%IOK&075B
[12-Feb-2025 01:08:52 Europe/Berlin] Clave en BD: $2y$10$RX.nllUL/ijnZu8zEUS1luMDnHTOQ4Wou4viR7ldhi5bsGkMKhRYu
[12-Feb-2025 01:08:53 Europe/Berlin] Resultado de password_verify: true
[12-Feb-2025 01:08:53 Europe/Berlin] Estado del usuario: 1
[12-Feb-2025 01:08:53 Europe/Berlin] Comparación de estado: true
[12-Feb-2025 01:08:53 Europe/Berlin] Hashed password: $2y$10$mEKVj3INEgm.ZOfy7nIQLuveARAv9ESWf5utTOxVDSC5JOkYsIYwe

[12-Feb-2025 01:08:53 Europe/Berlin] Stored password: $2y$10$RX.nllUL/ijnZu8zEUS1luMDnHTOQ4Wou4viR7ldhi5bsGkMKhRYu

[12-Feb-2025 01:08:53 Europe/Berlin] Passwords match: false

[12-Feb-2025 01:08:53 Europe/Berlin] Inicio de sesión exitoso para el usuario: Serch
[12-Feb-2025 19:06:05 Europe/Berlin] Iniciando loginUser
[12-Feb-2025 19:06:05 Europe/Berlin] Usuario consultado: Array
(
    [id_tdoc] => 1
    [id_usuario] => 1031642393
    [nombre1] => Sergio
    [nombre2] => Esteban
    [apellido1] => Chaparro
    [apellido2] => Noguera
    [id_rol] => 3
    [usuario] => Serch
    [clave] => $2y$10$RX.nllUL/ijnZu8zEUS1luMDnHTOQ4Wou4viR7ldhi5bsGkMKhRYu
    [correo] => sechaparron@unal.edu.co
    [telefono] => 313270352
    [fecha_ingreso] => 2024-12-11 23:10:45
    [id_estado] => 1
)

[12-Feb-2025 19:06:05 Europe/Berlin] Clave ingresada: 23z%IOK&075B
[12-Feb-2025 19:06:05 Europe/Berlin] Clave en BD: $2y$10$RX.nllUL/ijnZu8zEUS1luMDnHTOQ4Wou4viR7ldhi5bsGkMKhRYu
[12-Feb-2025 19:06:05 Europe/Berlin] Resultado de password_verify: true
[12-Feb-2025 19:06:05 Europe/Berlin] Estado del usuario: 1
[12-Feb-2025 19:06:05 Europe/Berlin] Comparación de estado: true
[12-Feb-2025 19:06:05 Europe/Berlin] Hashed password: $2y$10$I/NxZACeQ/0o.YWGuQZIHuFKDqLHYrbAUADKoXYylRYsQkvHFQ5E2

[12-Feb-2025 19:06:05 Europe/Berlin] Stored password: $2y$10$RX.nllUL/ijnZu8zEUS1luMDnHTOQ4Wou4viR7ldhi5bsGkMKhRYu

[12-Feb-2025 19:06:05 Europe/Berlin] Passwords match: false

[12-Feb-2025 19:06:05 Europe/Berlin] Inicio de sesión exitoso para el usuario: Serch
[13-Feb-2025 01:19:10 Europe/Berlin] Iniciando loginUser
[13-Feb-2025 01:19:10 Europe/Berlin] Usuario consultado: Array
(
    [id_tdoc] => 1
    [id_usuario] => 1031642393
    [nombre1] => Sergio
    [nombre2] => Esteban
    [apellido1] => Chaparro
    [apellido2] => Noguera
    [id_rol] => 3
    [usuario] => Serch
    [clave] => $2y$10$RX.nllUL/ijnZu8zEUS1luMDnHTOQ4Wou4viR7ldhi5bsGkMKhRYu
    [correo] => sechaparron@unal.edu.co
    [telefono] => 313270352
    [fecha_ingreso] => 2024-12-11 23:10:45
    [id_estado] => 1
)

[13-Feb-2025 01:19:10 Europe/Berlin] Clave ingresada: 23z%IOK&075B
[13-Feb-2025 01:19:10 Europe/Berlin] Clave en BD: $2y$10$RX.nllUL/ijnZu8zEUS1luMDnHTOQ4Wou4viR7ldhi5bsGkMKhRYu
[13-Feb-2025 01:19:10 Europe/Berlin] Resultado de password_verify: true
[13-Feb-2025 01:19:10 Europe/Berlin] Estado del usuario: 1
[13-Feb-2025 01:19:10 Europe/Berlin] Comparación de estado: true
[13-Feb-2025 01:19:10 Europe/Berlin] Hashed password: $2y$10$k8qNVx4xsaTvyjVCd46kFuxtoYkqqdGz8MP0E.uFAKo0SK1AJC8.2

[13-Feb-2025 01:19:10 Europe/Berlin] Stored password: $2y$10$RX.nllUL/ijnZu8zEUS1luMDnHTOQ4Wou4viR7ldhi5bsGkMKhRYu

[13-Feb-2025 01:19:10 Europe/Berlin] Passwords match: false

[13-Feb-2025 01:19:10 Europe/Berlin] Inicio de sesión exitoso para el usuario: Serch
[13-Feb-2025 01:27:06 Europe/Berlin] Iniciando loginUser
[13-Feb-2025 01:27:06 Europe/Berlin] Usuario consultado: Array
(
    [id_tdoc] => 1
    [id_usuario] => 1031642393
    [nombre1] => Sergio
    [nombre2] => Esteban
    [apellido1] => Chaparro
    [apellido2] => Noguera
    [id_rol] => 3
    [usuario] => Serch
    [clave] => $2y$10$RX.nllUL/ijnZu8zEUS1luMDnHTOQ4Wou4viR7ldhi5bsGkMKhRYu
    [correo] => sechaparron@unal.edu.co
    [telefono] => 313270352
    [fecha_ingreso] => 2024-12-11 23:10:45
    [id_estado] => 1
)

[13-Feb-2025 01:27:06 Europe/Berlin] Clave ingresada: 23z%IOK&075B
[13-Feb-2025 01:27:06 Europe/Berlin] Clave en BD: $2y$10$RX.nllUL/ijnZu8zEUS1luMDnHTOQ4Wou4viR7ldhi5bsGkMKhRYu
[13-Feb-2025 01:27:06 Europe/Berlin] Resultado de password_verify: true
[13-Feb-2025 01:27:06 Europe/Berlin] Estado del usuario: 1
[13-Feb-2025 01:27:06 Europe/Berlin] Comparación de estado: true
[13-Feb-2025 01:27:06 Europe/Berlin] Hashed password: $2y$10$/EZAI2u5wL7lnb04/uogR.wL7Dseha3oL3qsycz0toooKsofTW9cS

[13-Feb-2025 01:27:06 Europe/Berlin] Stored password: $2y$10$RX.nllUL/ijnZu8zEUS1luMDnHTOQ4Wou4viR7ldhi5bsGkMKhRYu

[13-Feb-2025 01:27:06 Europe/Berlin] Passwords match: false

[13-Feb-2025 01:27:06 Europe/Berlin] Inicio de sesión exitoso para el usuario: Serch
[13-Feb-2025 16:19:49 Europe/Berlin] Iniciando loginUser
[13-Feb-2025 16:19:49 Europe/Berlin] Usuario consultado: Array
(
    [id_tdoc] => 1
    [id_usuario] => 1031642393
    [nombre1] => Sergio
    [nombre2] => Esteban
    [apellido1] => Chaparro
    [apellido2] => Noguera
    [id_rol] => 3
    [usuario] => Serch
    [clave] => $2y$10$RX.nllUL/ijnZu8zEUS1luMDnHTOQ4Wou4viR7ldhi5bsGkMKhRYu
    [correo] => sechaparron@unal.edu.co
    [telefono] => 313270352
    [fecha_ingreso] => 2024-12-11 23:10:45
    [id_estado] => 1
)

[13-Feb-2025 16:19:49 Europe/Berlin] Clave ingresada: 23z%IOK&075B
[13-Feb-2025 16:19:49 Europe/Berlin] Clave en BD: $2y$10$RX.nllUL/ijnZu8zEUS1luMDnHTOQ4Wou4viR7ldhi5bsGkMKhRYu
[13-Feb-2025 16:19:49 Europe/Berlin] Resultado de password_verify: true
[13-Feb-2025 16:19:49 Europe/Berlin] Estado del usuario: 1
[13-Feb-2025 16:19:49 Europe/Berlin] Comparación de estado: true
[13-Feb-2025 16:19:49 Europe/Berlin] Hashed password: $2y$10$TFmkv9iptqOVo8PuzcsEuuBB36ZSzVWfpY4elR7Tvl2du/l3Z9fdO

[13-Feb-2025 16:19:49 Europe/Berlin] Stored password: $2y$10$RX.nllUL/ijnZu8zEUS1luMDnHTOQ4Wou4viR7ldhi5bsGkMKhRYu

[13-Feb-2025 16:19:49 Europe/Berlin] Passwords match: false

[13-Feb-2025 16:19:49 Europe/Berlin] Inicio de sesión exitoso para el usuario: Serch
[13-Feb-2025 16:49:23 Europe/Berlin] Iniciando loginUser
[13-Feb-2025 16:49:23 Europe/Berlin] Usuario consultado: Array
(
    [id_tdoc] => 1
    [id_usuario] => 1031642393
    [nombre1] => Sergio
    [nombre2] => Esteban
    [apellido1] => Chaparro
    [apellido2] => Noguera
    [id_rol] => 3
    [usuario] => Serch
    [clave] => $2y$10$RX.nllUL/ijnZu8zEUS1luMDnHTOQ4Wou4viR7ldhi5bsGkMKhRYu
    [correo] => sechaparron@unal.edu.co
    [telefono] => 313270352
    [fecha_ingreso] => 2024-12-11 23:10:45
    [id_estado] => 1
)

[13-Feb-2025 16:49:23 Europe/Berlin] Clave ingresada: 23z%IOK&075B
[13-Feb-2025 16:49:23 Europe/Berlin] Clave en BD: $2y$10$RX.nllUL/ijnZu8zEUS1luMDnHTOQ4Wou4viR7ldhi5bsGkMKhRYu
[13-Feb-2025 16:49:23 Europe/Berlin] Resultado de password_verify: true
[13-Feb-2025 16:49:23 Europe/Berlin] Estado del usuario: 1
[13-Feb-2025 16:49:23 Europe/Berlin] Comparación de estado: true
[13-Feb-2025 16:49:23 Europe/Berlin] Hashed password: $2y$10$5L./IJIYIY6A23m4e.TrO.POOKqS.G2NYWeEqMEPSc5HEOGkAxQ7S

[13-Feb-2025 16:49:23 Europe/Berlin] Stored password: $2y$10$RX.nllUL/ijnZu8zEUS1luMDnHTOQ4Wou4viR7ldhi5bsGkMKhRYu

[13-Feb-2025 16:49:23 Europe/Berlin] Passwords match: false

[13-Feb-2025 16:49:23 Europe/Berlin] Inicio de sesión exitoso para el usuario: Serch
[13-Feb-2025 23:57:33 Europe/Berlin] Iniciando loginUser
[13-Feb-2025 23:57:33 Europe/Berlin] Usuario consultado: Array
(
    [id_tdoc] => 1
    [id_usuario] => 1031642393
    [nombre1] => Sergio
    [nombre2] => Esteban
    [apellido1] => Chaparro
    [apellido2] => Noguera
    [id_rol] => 3
    [usuario] => Serch
    [clave] => $2y$10$RX.nllUL/ijnZu8zEUS1luMDnHTOQ4Wou4viR7ldhi5bsGkMKhRYu
    [correo] => sechaparron@unal.edu.co
    [telefono] => 313270352
    [fecha_ingreso] => 2024-12-11 23:10:45
    [id_estado] => 1
)

[13-Feb-2025 23:57:33 Europe/Berlin] Clave ingresada: 23z%IOK&075B
[13-Feb-2025 23:57:33 Europe/Berlin] Clave en BD: $2y$10$RX.nllUL/ijnZu8zEUS1luMDnHTOQ4Wou4viR7ldhi5bsGkMKhRYu
[13-Feb-2025 23:57:33 Europe/Berlin] Resultado de password_verify: true
[13-Feb-2025 23:57:33 Europe/Berlin] Estado del usuario: 1
[13-Feb-2025 23:57:33 Europe/Berlin] Comparación de estado: true
[13-Feb-2025 23:57:33 Europe/Berlin] Hashed password: $2y$10$D6EcPUTvY4s/7auU45Ur5OQVz9rEMcHDOnGf6WbHsH/DZE7kV02IS

[13-Feb-2025 23:57:33 Europe/Berlin] Stored password: $2y$10$RX.nllUL/ijnZu8zEUS1luMDnHTOQ4Wou4viR7ldhi5bsGkMKhRYu

[13-Feb-2025 23:57:33 Europe/Berlin] Passwords match: false

[13-Feb-2025 23:57:33 Europe/Berlin] Inicio de sesión exitoso para el usuario: Serch
[14-Feb-2025 01:17:38 Europe/Berlin] Iniciando loginUser
[14-Feb-2025 01:17:38 Europe/Berlin] Usuario consultado: Array
(
    [id_tdoc] => 1
    [id_usuario] => 1031642393
    [nombre1] => Sergio
    [nombre2] => Esteban
    [apellido1] => Chaparro
    [apellido2] => Noguera
    [id_rol] => 3
    [usuario] => Serch
    [clave] => $2y$10$RX.nllUL/ijnZu8zEUS1luMDnHTOQ4Wou4viR7ldhi5bsGkMKhRYu
    [correo] => sechaparron@unal.edu.co
    [telefono] => 313270352
    [fecha_ingreso] => 2024-12-11 23:10:45
    [id_estado] => 1
)

[14-Feb-2025 01:17:38 Europe/Berlin] Clave ingresada: 23z%IOK&075B
[14-Feb-2025 01:17:38 Europe/Berlin] Clave en BD: $2y$10$RX.nllUL/ijnZu8zEUS1luMDnHTOQ4Wou4viR7ldhi5bsGkMKhRYu
[14-Feb-2025 01:17:38 Europe/Berlin] Resultado de password_verify: true
[14-Feb-2025 01:17:38 Europe/Berlin] Estado del usuario: 1
[14-Feb-2025 01:17:38 Europe/Berlin] Comparación de estado: true
[14-Feb-2025 01:17:38 Europe/Berlin] Hashed password: $2y$10$SVNS363ArZIPc/gBEdGdDebJZtEo9m4SzKBFnqkw1oj77P/3L7uFi

[14-Feb-2025 01:17:38 Europe/Berlin] Stored password: $2y$10$RX.nllUL/ijnZu8zEUS1luMDnHTOQ4Wou4viR7ldhi5bsGkMKhRYu

[14-Feb-2025 01:17:38 Europe/Berlin] Passwords match: false

[14-Feb-2025 01:17:38 Europe/Berlin] Inicio de sesión exitoso para el usuario: Serch
[14-Feb-2025 19:07:26 Europe/Berlin] Iniciando loginUser
[14-Feb-2025 19:07:26 Europe/Berlin] Usuario consultado: Array
(
    [id_tdoc] => 1
    [id_usuario] => 1031642393
    [nombre1] => Sergio
    [nombre2] => Esteban
    [apellido1] => Chaparro
    [apellido2] => Noguera
    [id_rol] => 3
    [usuario] => Serch
    [clave] => $2y$10$RX.nllUL/ijnZu8zEUS1luMDnHTOQ4Wou4viR7ldhi5bsGkMKhRYu
    [correo] => sechaparron@unal.edu.co
    [telefono] => 313270352
    [fecha_ingreso] => 2024-12-11 23:10:45
    [id_estado] => 1
)

[14-Feb-2025 19:07:26 Europe/Berlin] Clave ingresada: 23z%IOK&075B
[14-Feb-2025 19:07:26 Europe/Berlin] Clave en BD: $2y$10$RX.nllUL/ijnZu8zEUS1luMDnHTOQ4Wou4viR7ldhi5bsGkMKhRYu
[14-Feb-2025 19:07:26 Europe/Berlin] Resultado de password_verify: true
[14-Feb-2025 19:07:26 Europe/Berlin] Estado del usuario: 1
[14-Feb-2025 19:07:26 Europe/Berlin] Comparación de estado: true
[14-Feb-2025 19:07:26 Europe/Berlin] Hashed password: $2y$10$rxPTh9R1kpOpp4krsKhg3uv7ffh8ScfTCDPnnSiX1H8Fah6KLg48e

[14-Feb-2025 19:07:26 Europe/Berlin] Stored password: $2y$10$RX.nllUL/ijnZu8zEUS1luMDnHTOQ4Wou4viR7ldhi5bsGkMKhRYu

[14-Feb-2025 19:07:26 Europe/Berlin] Passwords match: false

[14-Feb-2025 19:07:27 Europe/Berlin] Inicio de sesión exitoso para el usuario: Serch
[15-Feb-2025 18:13:39 Europe/Berlin] Iniciando loginUser
[15-Feb-2025 18:13:39 Europe/Berlin] Usuario consultado: Array
(
    [id_tdoc] => 1
    [id_usuario] => 1031642393
    [nombre1] => Sergio
    [nombre2] => Esteban
    [apellido1] => Chaparro
    [apellido2] => Noguera
    [id_rol] => 3
    [usuario] => Serch
    [clave] => $2y$10$RX.nllUL/ijnZu8zEUS1luMDnHTOQ4Wou4viR7ldhi5bsGkMKhRYu
    [correo] => sechaparron@unal.edu.co
    [telefono] => 313270352
    [fecha_ingreso] => 2024-12-11 23:10:45
    [id_estado] => 1
)

[15-Feb-2025 18:13:39 Europe/Berlin] Clave ingresada: 23z%IOK&075B
[15-Feb-2025 18:13:39 Europe/Berlin] Clave en BD: $2y$10$RX.nllUL/ijnZu8zEUS1luMDnHTOQ4Wou4viR7ldhi5bsGkMKhRYu
[15-Feb-2025 18:13:39 Europe/Berlin] Resultado de password_verify: true
[15-Feb-2025 18:13:39 Europe/Berlin] Estado del usuario: 1
[15-Feb-2025 18:13:39 Europe/Berlin] Comparación de estado: true
[15-Feb-2025 18:13:39 Europe/Berlin] Hashed password: $2y$10$iZf88cVrGCwJAm9YiccWOulRRYXN3AaOFC5G2rWptt387L.R5OVQu

[15-Feb-2025 18:13:39 Europe/Berlin] Stored password: $2y$10$RX.nllUL/ijnZu8zEUS1luMDnHTOQ4Wou4viR7ldhi5bsGkMKhRYu

[15-Feb-2025 18:13:39 Europe/Berlin] Passwords match: false

[15-Feb-2025 18:13:39 Europe/Berlin] Inicio de sesión exitoso para el usuario: Serch
[15-Feb-2025 21:33:50 Europe/Berlin] Iniciando loginUser
[15-Feb-2025 21:33:50 Europe/Berlin] Usuario consultado: Array
(
    [id_tdoc] => 1
    [id_usuario] => 1031642393
    [nombre1] => Sergio
    [nombre2] => Esteban
    [apellido1] => Chaparro
    [apellido2] => Noguera
    [id_rol] => 3
    [usuario] => Serch
    [clave] => $2y$10$RX.nllUL/ijnZu8zEUS1luMDnHTOQ4Wou4viR7ldhi5bsGkMKhRYu
    [correo] => sechaparron@unal.edu.co
    [telefono] => 313270352
    [fecha_ingreso] => 2024-12-11 23:10:45
    [id_estado] => 1
)

[15-Feb-2025 21:33:50 Europe/Berlin] Clave ingresada: 23z%IOK&075B
[15-Feb-2025 21:33:50 Europe/Berlin] Clave en BD: $2y$10$RX.nllUL/ijnZu8zEUS1luMDnHTOQ4Wou4viR7ldhi5bsGkMKhRYu
[15-Feb-2025 21:33:50 Europe/Berlin] Resultado de password_verify: true
[15-Feb-2025 21:33:50 Europe/Berlin] Estado del usuario: 1
[15-Feb-2025 21:33:50 Europe/Berlin] Comparación de estado: true
[15-Feb-2025 21:33:50 Europe/Berlin] Hashed password: $2y$10$tEkgXTp.czCJ7b5KOjVUaORiDsmkHVz4EmZgnDKz6Acqjmq4TfU0m

[15-Feb-2025 21:33:50 Europe/Berlin] Stored password: $2y$10$RX.nllUL/ijnZu8zEUS1luMDnHTOQ4Wou4viR7ldhi5bsGkMKhRYu

[15-Feb-2025 21:33:50 Europe/Berlin] Passwords match: false

[15-Feb-2025 21:33:50 Europe/Berlin] Inicio de sesión exitoso para el usuario: Serch
[21-Feb-2025 00:38:17 Europe/Berlin] Iniciando loginUser
[21-Feb-2025 00:38:17 Europe/Berlin] Usuario consultado: Array
(
    [id_tdoc] => 1
    [id_usuario] => 1031642393
    [nombre1] => Sergio
    [nombre2] => Esteban
    [apellido1] => Chaparro
    [apellido2] => Noguera
    [id_rol] => 3
    [usuario] => Serch
    [clave] => $2y$10$RX.nllUL/ijnZu8zEUS1luMDnHTOQ4Wou4viR7ldhi5bsGkMKhRYu
    [correo] => sechaparron@unal.edu.co
    [telefono] => 313270352
    [fecha_ingreso] => 2024-12-11 23:10:45
    [id_estado] => 1
)

[21-Feb-2025 00:38:17 Europe/Berlin] Clave ingresada: 23z%IOK&075B
[21-Feb-2025 00:38:17 Europe/Berlin] Clave en BD: $2y$10$RX.nllUL/ijnZu8zEUS1luMDnHTOQ4Wou4viR7ldhi5bsGkMKhRYu
[21-Feb-2025 00:38:17 Europe/Berlin] Resultado de password_verify: true
[21-Feb-2025 00:38:17 Europe/Berlin] Estado del usuario: 1
[21-Feb-2025 00:38:17 Europe/Berlin] Comparación de estado: true
[21-Feb-2025 00:38:17 Europe/Berlin] Hashed password: $2y$10$muPzLQrULDOxGYkJFKNe.eGl11PE6f46u59LcJpZ2GI7yenE7fc4C

[21-Feb-2025 00:38:17 Europe/Berlin] Stored password: $2y$10$RX.nllUL/ijnZu8zEUS1luMDnHTOQ4Wou4viR7ldhi5bsGkMKhRYu

[21-Feb-2025 00:38:17 Europe/Berlin] Passwords match: false

[21-Feb-2025 00:38:17 Europe/Berlin] Inicio de sesión exitoso para el usuario: Serch
[25-Feb-2025 21:56:04 Europe/Berlin] Iniciando loginUser
[25-Feb-2025 21:56:04 Europe/Berlin] Usuario consultado: Array
(
    [id_tdoc] => 1
    [id_usuario] => 1031642393
    [nombre1] => Sergio
    [nombre2] => Esteban
    [apellido1] => Chaparro
    [apellido2] => Noguera
    [id_rol] => 3
    [usuario] => Serch
    [clave] => $2y$10$RX.nllUL/ijnZu8zEUS1luMDnHTOQ4Wou4viR7ldhi5bsGkMKhRYu
    [correo] => sechaparron@unal.edu.co
    [telefono] => 313270352
    [fecha_ingreso] => 2024-12-11 23:10:45
    [id_estado] => 1
)

[25-Feb-2025 21:56:04 Europe/Berlin] Clave ingresada: 23z%IOK&075B
[25-Feb-2025 21:56:04 Europe/Berlin] Clave en BD: $2y$10$RX.nllUL/ijnZu8zEUS1luMDnHTOQ4Wou4viR7ldhi5bsGkMKhRYu
[25-Feb-2025 21:56:04 Europe/Berlin] Resultado de password_verify: true
[25-Feb-2025 21:56:04 Europe/Berlin] Estado del usuario: 1
[25-Feb-2025 21:56:04 Europe/Berlin] Comparación de estado: true
[25-Feb-2025 21:56:04 Europe/Berlin] Hashed password: $2y$10$T1kPcwYPqitYlKnXrGFdQO8OBPg43UwcTfOIPCw4oeIFoVkIsHbRG

[25-Feb-2025 21:56:04 Europe/Berlin] Stored password: $2y$10$RX.nllUL/ijnZu8zEUS1luMDnHTOQ4Wou4viR7ldhi5bsGkMKhRYu

[25-Feb-2025 21:56:04 Europe/Berlin] Passwords match: false

[25-Feb-2025 21:56:04 Europe/Berlin] Inicio de sesión exitoso para el usuario: Serch
[25-Feb-2025 21:56:09 Europe/Berlin] Iniciando loginUser
[25-Feb-2025 21:56:09 Europe/Berlin] Usuario consultado: Array
(
    [id_tdoc] => 1
    [id_usuario] => 1031642393
    [nombre1] => Sergio
    [nombre2] => Esteban
    [apellido1] => Chaparro
    [apellido2] => Noguera
    [id_rol] => 3
    [usuario] => Serch
    [clave] => $2y$10$RX.nllUL/ijnZu8zEUS1luMDnHTOQ4Wou4viR7ldhi5bsGkMKhRYu
    [correo] => sechaparron@unal.edu.co
    [telefono] => 313270352
    [fecha_ingreso] => 2024-12-11 23:10:45
    [id_estado] => 1
)

[25-Feb-2025 21:56:09 Europe/Berlin] Clave ingresada: 23z%IOK&075B
[25-Feb-2025 21:56:09 Europe/Berlin] Clave en BD: $2y$10$RX.nllUL/ijnZu8zEUS1luMDnHTOQ4Wou4viR7ldhi5bsGkMKhRYu
[25-Feb-2025 21:56:09 Europe/Berlin] Resultado de password_verify: true
[25-Feb-2025 21:56:09 Europe/Berlin] Estado del usuario: 1
[25-Feb-2025 21:56:09 Europe/Berlin] Comparación de estado: true
[25-Feb-2025 21:56:09 Europe/Berlin] Hashed password: $2y$10$m.HEaAeSu0bPpvGLZvBSFuxzheiTjPYfnKreMgm6SymqVYwu5vwZG

[25-Feb-2025 21:56:09 Europe/Berlin] Stored password: $2y$10$RX.nllUL/ijnZu8zEUS1luMDnHTOQ4Wou4viR7ldhi5bsGkMKhRYu

[25-Feb-2025 21:56:09 Europe/Berlin] Passwords match: false

[25-Feb-2025 21:56:09 Europe/Berlin] Inicio de sesión exitoso para el usuario: Serch
[25-Feb-2025 21:57:03 Europe/Berlin] Iniciando loginUser
[25-Feb-2025 21:57:03 Europe/Berlin] Usuario consultado: Array
(
    [id_tdoc] => 1
    [id_usuario] => 1031642393
    [nombre1] => Sergio
    [nombre2] => Esteban
    [apellido1] => Chaparro
    [apellido2] => Noguera
    [id_rol] => 3
    [usuario] => Serch
    [clave] => $2y$10$RX.nllUL/ijnZu8zEUS1luMDnHTOQ4Wou4viR7ldhi5bsGkMKhRYu
    [correo] => sechaparron@unal.edu.co
    [telefono] => 313270352
    [fecha_ingreso] => 2024-12-11 23:10:45
    [id_estado] => 1
)

[25-Feb-2025 21:57:03 Europe/Berlin] Clave ingresada: 23z%IOK&075B
[25-Feb-2025 21:57:03 Europe/Berlin] Clave en BD: $2y$10$RX.nllUL/ijnZu8zEUS1luMDnHTOQ4Wou4viR7ldhi5bsGkMKhRYu
[25-Feb-2025 21:57:03 Europe/Berlin] Resultado de password_verify: true
[25-Feb-2025 21:57:03 Europe/Berlin] Estado del usuario: 1
[25-Feb-2025 21:57:03 Europe/Berlin] Comparación de estado: true
[25-Feb-2025 21:57:03 Europe/Berlin] Hashed password: $2y$10$M1Y3f1qfpMit3wzv3BcxyOBY4NJ97.PwfPE2.Tb4B03/4ufs8xkZm

[25-Feb-2025 21:57:03 Europe/Berlin] Stored password: $2y$10$RX.nllUL/ijnZu8zEUS1luMDnHTOQ4Wou4viR7ldhi5bsGkMKhRYu

[25-Feb-2025 21:57:03 Europe/Berlin] Passwords match: false

[25-Feb-2025 21:57:03 Europe/Berlin] Inicio de sesión exitoso para el usuario: Serch
[25-Feb-2025 21:57:04 Europe/Berlin] Iniciando loginUser
[25-Feb-2025 21:57:04 Europe/Berlin] Usuario consultado: Array
(
    [id_tdoc] => 1
    [id_usuario] => 1031642393
    [nombre1] => Sergio
    [nombre2] => Esteban
    [apellido1] => Chaparro
    [apellido2] => Noguera
    [id_rol] => 3
    [usuario] => Serch
    [clave] => $2y$10$RX.nllUL/ijnZu8zEUS1luMDnHTOQ4Wou4viR7ldhi5bsGkMKhRYu
    [correo] => sechaparron@unal.edu.co
    [telefono] => 313270352
    [fecha_ingreso] => 2024-12-11 23:10:45
    [id_estado] => 1
)

[25-Feb-2025 21:57:04 Europe/Berlin] Clave ingresada: 23z%IOK&075B
[25-Feb-2025 21:57:04 Europe/Berlin] Clave en BD: $2y$10$RX.nllUL/ijnZu8zEUS1luMDnHTOQ4Wou4viR7ldhi5bsGkMKhRYu
[25-Feb-2025 21:57:04 Europe/Berlin] Resultado de password_verify: true
[25-Feb-2025 21:57:04 Europe/Berlin] Estado del usuario: 1
[25-Feb-2025 21:57:04 Europe/Berlin] Comparación de estado: true
[25-Feb-2025 21:57:04 Europe/Berlin] Hashed password: $2y$10$EQiVhuOCjHggU9t6/QQujOlNTJUOUvTK8cFOacMSQ6xb/SHVr6via

[25-Feb-2025 21:57:04 Europe/Berlin] Stored password: $2y$10$RX.nllUL/ijnZu8zEUS1luMDnHTOQ4Wou4viR7ldhi5bsGkMKhRYu

[25-Feb-2025 21:57:04 Europe/Berlin] Passwords match: false

[25-Feb-2025 21:57:04 Europe/Berlin] Inicio de sesión exitoso para el usuario: Serch
[25-Feb-2025 21:57:05 Europe/Berlin] Iniciando loginUser
[25-Feb-2025 21:57:05 Europe/Berlin] Usuario consultado: Array
(
    [id_tdoc] => 1
    [id_usuario] => 1031642393
    [nombre1] => Sergio
    [nombre2] => Esteban
    [apellido1] => Chaparro
    [apellido2] => Noguera
    [id_rol] => 3
    [usuario] => Serch
    [clave] => $2y$10$RX.nllUL/ijnZu8zEUS1luMDnHTOQ4Wou4viR7ldhi5bsGkMKhRYu
    [correo] => sechaparron@unal.edu.co
    [telefono] => 313270352
    [fecha_ingreso] => 2024-12-11 23:10:45
    [id_estado] => 1
)

[25-Feb-2025 21:57:05 Europe/Berlin] Clave ingresada: 23z%IOK&075B
[25-Feb-2025 21:57:05 Europe/Berlin] Clave en BD: $2y$10$RX.nllUL/ijnZu8zEUS1luMDnHTOQ4Wou4viR7ldhi5bsGkMKhRYu
[25-Feb-2025 21:57:05 Europe/Berlin] Resultado de password_verify: true
[25-Feb-2025 21:57:05 Europe/Berlin] Estado del usuario: 1
[25-Feb-2025 21:57:05 Europe/Berlin] Comparación de estado: true
[25-Feb-2025 21:57:05 Europe/Berlin] Hashed password: $2y$10$xKJk0vQ4JF.gD8of.gaucOHrv.Ugw.pS2/oBPJjDNTJyCgCWMPHy.

[25-Feb-2025 21:57:05 Europe/Berlin] Stored password: $2y$10$RX.nllUL/ijnZu8zEUS1luMDnHTOQ4Wou4viR7ldhi5bsGkMKhRYu

[25-Feb-2025 21:57:05 Europe/Berlin] Passwords match: false

[25-Feb-2025 21:57:05 Europe/Berlin] Inicio de sesión exitoso para el usuario: Serch
[25-Feb-2025 21:57:06 Europe/Berlin] Iniciando loginUser
[25-Feb-2025 21:57:06 Europe/Berlin] Usuario consultado: Array
(
    [id_tdoc] => 1
    [id_usuario] => 1031642393
    [nombre1] => Sergio
    [nombre2] => Esteban
    [apellido1] => Chaparro
    [apellido2] => Noguera
    [id_rol] => 3
    [usuario] => Serch
    [clave] => $2y$10$RX.nllUL/ijnZu8zEUS1luMDnHTOQ4Wou4viR7ldhi5bsGkMKhRYu
    [correo] => sechaparron@unal.edu.co
    [telefono] => 313270352
    [fecha_ingreso] => 2024-12-11 23:10:45
    [id_estado] => 1
)

[25-Feb-2025 21:57:06 Europe/Berlin] Clave ingresada: 23z%IOK&075B
[25-Feb-2025 21:57:06 Europe/Berlin] Clave en BD: $2y$10$RX.nllUL/ijnZu8zEUS1luMDnHTOQ4Wou4viR7ldhi5bsGkMKhRYu
[25-Feb-2025 21:57:06 Europe/Berlin] Resultado de password_verify: true
[25-Feb-2025 21:57:06 Europe/Berlin] Estado del usuario: 1
[25-Feb-2025 21:57:06 Europe/Berlin] Comparación de estado: true
[25-Feb-2025 21:57:06 Europe/Berlin] Hashed password: $2y$10$VeBwbyetg/YC7RgpCSNwNOW7pm0V7Bdgcw20UGdlReKOkA.MiqY8W

[25-Feb-2025 21:57:06 Europe/Berlin] Stored password: $2y$10$RX.nllUL/ijnZu8zEUS1luMDnHTOQ4Wou4viR7ldhi5bsGkMKhRYu

[25-Feb-2025 21:57:06 Europe/Berlin] Passwords match: false

[25-Feb-2025 21:57:06 Europe/Berlin] Inicio de sesión exitoso para el usuario: Serch
[25-Feb-2025 21:57:07 Europe/Berlin] Iniciando loginUser
[25-Feb-2025 21:57:07 Europe/Berlin] Usuario consultado: Array
(
    [id_tdoc] => 1
    [id_usuario] => 1031642393
    [nombre1] => Sergio
    [nombre2] => Esteban
    [apellido1] => Chaparro
    [apellido2] => Noguera
    [id_rol] => 3
    [usuario] => Serch
    [clave] => $2y$10$RX.nllUL/ijnZu8zEUS1luMDnHTOQ4Wou4viR7ldhi5bsGkMKhRYu
    [correo] => sechaparron@unal.edu.co
    [telefono] => 313270352
    [fecha_ingreso] => 2024-12-11 23:10:45
    [id_estado] => 1
)

[25-Feb-2025 21:57:07 Europe/Berlin] Clave ingresada: 23z%IOK&075B
[25-Feb-2025 21:57:07 Europe/Berlin] Clave en BD: $2y$10$RX.nllUL/ijnZu8zEUS1luMDnHTOQ4Wou4viR7ldhi5bsGkMKhRYu
[25-Feb-2025 21:57:07 Europe/Berlin] Resultado de password_verify: true
[25-Feb-2025 21:57:07 Europe/Berlin] Estado del usuario: 1
[25-Feb-2025 21:57:07 Europe/Berlin] Comparación de estado: true
[25-Feb-2025 21:57:07 Europe/Berlin] Hashed password: $2y$10$tVpo7LoM/SE/aTE1g0UG1eF3JuInoXWtTw/WTSnpnl.8OtMqaxG6C

[25-Feb-2025 21:57:07 Europe/Berlin] Stored password: $2y$10$RX.nllUL/ijnZu8zEUS1luMDnHTOQ4Wou4viR7ldhi5bsGkMKhRYu

[25-Feb-2025 21:57:07 Europe/Berlin] Passwords match: false

[25-Feb-2025 21:57:07 Europe/Berlin] Inicio de sesión exitoso para el usuario: Serch
[25-Feb-2025 21:57:08 Europe/Berlin] Iniciando loginUser
[25-Feb-2025 21:57:08 Europe/Berlin] Usuario consultado: Array
(
    [id_tdoc] => 1
    [id_usuario] => 1031642393
    [nombre1] => Sergio
    [nombre2] => Esteban
    [apellido1] => Chaparro
    [apellido2] => Noguera
    [id_rol] => 3
    [usuario] => Serch
    [clave] => $2y$10$RX.nllUL/ijnZu8zEUS1luMDnHTOQ4Wou4viR7ldhi5bsGkMKhRYu
    [correo] => sechaparron@unal.edu.co
    [telefono] => 313270352
    [fecha_ingreso] => 2024-12-11 23:10:45
    [id_estado] => 1
)

[25-Feb-2025 21:57:08 Europe/Berlin] Clave ingresada: 23z%IOK&075B
[25-Feb-2025 21:57:08 Europe/Berlin] Clave en BD: $2y$10$RX.nllUL/ijnZu8zEUS1luMDnHTOQ4Wou4viR7ldhi5bsGkMKhRYu
[25-Feb-2025 21:57:08 Europe/Berlin] Resultado de password_verify: true
[25-Feb-2025 21:57:08 Europe/Berlin] Estado del usuario: 1
[25-Feb-2025 21:57:08 Europe/Berlin] Comparación de estado: true
[25-Feb-2025 21:57:08 Europe/Berlin] Hashed password: $2y$10$JOu3Rt.hkJ02/cHKCBmLn.w82MjlB4pImZMx.DaHPlnVrNuiqKxE2

[25-Feb-2025 21:57:08 Europe/Berlin] Stored password: $2y$10$RX.nllUL/ijnZu8zEUS1luMDnHTOQ4Wou4viR7ldhi5bsGkMKhRYu

[25-Feb-2025 21:57:08 Europe/Berlin] Passwords match: false

[25-Feb-2025 21:57:08 Europe/Berlin] Inicio de sesión exitoso para el usuario: Serch
[25-Feb-2025 21:57:09 Europe/Berlin] Iniciando loginUser
[25-Feb-2025 21:57:09 Europe/Berlin] Usuario consultado: Array
(
    [id_tdoc] => 1
    [id_usuario] => 1031642393
    [nombre1] => Sergio
    [nombre2] => Esteban
    [apellido1] => Chaparro
    [apellido2] => Noguera
    [id_rol] => 3
    [usuario] => Serch
    [clave] => $2y$10$RX.nllUL/ijnZu8zEUS1luMDnHTOQ4Wou4viR7ldhi5bsGkMKhRYu
    [correo] => sechaparron@unal.edu.co
    [telefono] => 313270352
    [fecha_ingreso] => 2024-12-11 23:10:45
    [id_estado] => 1
)

[25-Feb-2025 21:57:09 Europe/Berlin] Clave ingresada: 23z%IOK&075B
[25-Feb-2025 21:57:09 Europe/Berlin] Clave en BD: $2y$10$RX.nllUL/ijnZu8zEUS1luMDnHTOQ4Wou4viR7ldhi5bsGkMKhRYu
[25-Feb-2025 21:57:09 Europe/Berlin] Resultado de password_verify: true
[25-Feb-2025 21:57:09 Europe/Berlin] Estado del usuario: 1
[25-Feb-2025 21:57:09 Europe/Berlin] Comparación de estado: true
[25-Feb-2025 21:57:09 Europe/Berlin] Hashed password: $2y$10$3VXfyLSSnQyzuGmaGy9/R./ruVwOdn3nyC4OV1.Y81Q5LwikW8mxi

[25-Feb-2025 21:57:09 Europe/Berlin] Stored password: $2y$10$RX.nllUL/ijnZu8zEUS1luMDnHTOQ4Wou4viR7ldhi5bsGkMKhRYu

[25-Feb-2025 21:57:09 Europe/Berlin] Passwords match: false

[25-Feb-2025 21:57:09 Europe/Berlin] Inicio de sesión exitoso para el usuario: Serch
[25-Feb-2025 21:57:25 Europe/Berlin] Iniciando loginUser
[25-Feb-2025 21:57:25 Europe/Berlin] Usuario consultado: Array
(
    [id_tdoc] => 1
    [id_usuario] => 1031642393
    [nombre1] => Sergio
    [nombre2] => Esteban
    [apellido1] => Chaparro
    [apellido2] => Noguera
    [id_rol] => 3
    [usuario] => Serch
    [clave] => $2y$10$RX.nllUL/ijnZu8zEUS1luMDnHTOQ4Wou4viR7ldhi5bsGkMKhRYu
    [correo] => sechaparron@unal.edu.co
    [telefono] => 313270352
    [fecha_ingreso] => 2024-12-11 23:10:45
    [id_estado] => 1
)

[25-Feb-2025 21:57:25 Europe/Berlin] Clave ingresada: 23z%IOK&075B
[25-Feb-2025 21:57:25 Europe/Berlin] Clave en BD: $2y$10$RX.nllUL/ijnZu8zEUS1luMDnHTOQ4Wou4viR7ldhi5bsGkMKhRYu
[25-Feb-2025 21:57:25 Europe/Berlin] Resultado de password_verify: true
[25-Feb-2025 21:57:25 Europe/Berlin] Estado del usuario: 1
[25-Feb-2025 21:57:25 Europe/Berlin] Comparación de estado: true
[25-Feb-2025 21:57:25 Europe/Berlin] Hashed password: $2y$10$DPFO1gZq.QkkV5fgyxNiKeEpvVDQrl.IB3VdjBy1ong8U8htLlfKW

[25-Feb-2025 21:57:25 Europe/Berlin] Stored password: $2y$10$RX.nllUL/ijnZu8zEUS1luMDnHTOQ4Wou4viR7ldhi5bsGkMKhRYu

[25-Feb-2025 21:57:25 Europe/Berlin] Passwords match: false

[25-Feb-2025 21:57:25 Europe/Berlin] Inicio de sesión exitoso para el usuario: Serch
[25-Feb-2025 21:57:26 Europe/Berlin] Iniciando loginUser
[25-Feb-2025 21:57:26 Europe/Berlin] Usuario consultado: Array
(
    [id_tdoc] => 1
    [id_usuario] => 1031642393
    [nombre1] => Sergio
    [nombre2] => Esteban
    [apellido1] => Chaparro
    [apellido2] => Noguera
    [id_rol] => 3
    [usuario] => Serch
    [clave] => $2y$10$RX.nllUL/ijnZu8zEUS1luMDnHTOQ4Wou4viR7ldhi5bsGkMKhRYu
    [correo] => sechaparron@unal.edu.co
    [telefono] => 313270352
    [fecha_ingreso] => 2024-12-11 23:10:45
    [id_estado] => 1
)

[25-Feb-2025 21:57:26 Europe/Berlin] Clave ingresada: 23z%IOK&075B
[25-Feb-2025 21:57:26 Europe/Berlin] Clave en BD: $2y$10$RX.nllUL/ijnZu8zEUS1luMDnHTOQ4Wou4viR7ldhi5bsGkMKhRYu
[25-Feb-2025 21:57:26 Europe/Berlin] Resultado de password_verify: true
[25-Feb-2025 21:57:26 Europe/Berlin] Estado del usuario: 1
[25-Feb-2025 21:57:26 Europe/Berlin] Comparación de estado: true
[25-Feb-2025 21:57:26 Europe/Berlin] Hashed password: $2y$10$wLaBKuTrnu1dnH7PuH/aiOOUBx1T7mCphA588C.12RsS.GSDT2aLW

[25-Feb-2025 21:57:26 Europe/Berlin] Stored password: $2y$10$RX.nllUL/ijnZu8zEUS1luMDnHTOQ4Wou4viR7ldhi5bsGkMKhRYu

[25-Feb-2025 21:57:26 Europe/Berlin] Passwords match: false

[25-Feb-2025 21:57:26 Europe/Berlin] Inicio de sesión exitoso para el usuario: Serch
[25-Feb-2025 21:57:27 Europe/Berlin] Iniciando loginUser
[25-Feb-2025 21:57:27 Europe/Berlin] Usuario consultado: Array
(
    [id_tdoc] => 1
    [id_usuario] => 1031642393
    [nombre1] => Sergio
    [nombre2] => Esteban
    [apellido1] => Chaparro
    [apellido2] => Noguera
    [id_rol] => 3
    [usuario] => Serch
    [clave] => $2y$10$RX.nllUL/ijnZu8zEUS1luMDnHTOQ4Wou4viR7ldhi5bsGkMKhRYu
    [correo] => sechaparron@unal.edu.co
    [telefono] => 313270352
    [fecha_ingreso] => 2024-12-11 23:10:45
    [id_estado] => 1
)

[25-Feb-2025 21:57:27 Europe/Berlin] Clave ingresada: 23z%IOK&075B
[25-Feb-2025 21:57:27 Europe/Berlin] Clave en BD: $2y$10$RX.nllUL/ijnZu8zEUS1luMDnHTOQ4Wou4viR7ldhi5bsGkMKhRYu
[25-Feb-2025 21:57:27 Europe/Berlin] Resultado de password_verify: true
[25-Feb-2025 21:57:27 Europe/Berlin] Estado del usuario: 1
[25-Feb-2025 21:57:27 Europe/Berlin] Comparación de estado: true
[25-Feb-2025 21:57:27 Europe/Berlin] Hashed password: $2y$10$ShZSVVRfx8CvK9Bs8ERLN.Mjj/k68MggI.A.sbNqCfhECofDwhCIu

[25-Feb-2025 21:57:27 Europe/Berlin] Stored password: $2y$10$RX.nllUL/ijnZu8zEUS1luMDnHTOQ4Wou4viR7ldhi5bsGkMKhRYu

[25-Feb-2025 21:57:27 Europe/Berlin] Passwords match: false

[25-Feb-2025 21:57:27 Europe/Berlin] Inicio de sesión exitoso para el usuario: Serch
[25-Feb-2025 21:57:38 Europe/Berlin] Iniciando loginUser
[25-Feb-2025 21:57:38 Europe/Berlin] Usuario consultado: Array
(
    [id_tdoc] => 1
    [id_usuario] => 1031642393
    [nombre1] => Sergio
    [nombre2] => Esteban
    [apellido1] => Chaparro
    [apellido2] => Noguera
    [id_rol] => 3
    [usuario] => Serch
    [clave] => $2y$10$RX.nllUL/ijnZu8zEUS1luMDnHTOQ4Wou4viR7ldhi5bsGkMKhRYu
    [correo] => sechaparron@unal.edu.co
    [telefono] => 313270352
    [fecha_ingreso] => 2024-12-11 23:10:45
    [id_estado] => 1
)

[25-Feb-2025 21:57:38 Europe/Berlin] Clave ingresada: 23z%IOK&075B
[25-Feb-2025 21:57:38 Europe/Berlin] Clave en BD: $2y$10$RX.nllUL/ijnZu8zEUS1luMDnHTOQ4Wou4viR7ldhi5bsGkMKhRYu
[25-Feb-2025 21:57:38 Europe/Berlin] Resultado de password_verify: true
[25-Feb-2025 21:57:38 Europe/Berlin] Estado del usuario: 1
[25-Feb-2025 21:57:38 Europe/Berlin] Comparación de estado: true
[25-Feb-2025 21:57:38 Europe/Berlin] Hashed password: $2y$10$BsWU3N93t.m3AMiqjCn7J.GYo2/46pkVdsJA6Mqla0yVLjika29q2

[25-Feb-2025 21:57:38 Europe/Berlin] Stored password: $2y$10$RX.nllUL/ijnZu8zEUS1luMDnHTOQ4Wou4viR7ldhi5bsGkMKhRYu

[25-Feb-2025 21:57:38 Europe/Berlin] Passwords match: false

[25-Feb-2025 21:57:38 Europe/Berlin] Inicio de sesión exitoso para el usuario: Serch
[25-Feb-2025 21:57:42 Europe/Berlin] Iniciando loginUser
[25-Feb-2025 21:57:42 Europe/Berlin] Usuario consultado: Array
(
    [id_tdoc] => 1
    [id_usuario] => 1031642393
    [nombre1] => Sergio
    [nombre2] => Esteban
    [apellido1] => Chaparro
    [apellido2] => Noguera
    [id_rol] => 3
    [usuario] => Serch
    [clave] => $2y$10$RX.nllUL/ijnZu8zEUS1luMDnHTOQ4Wou4viR7ldhi5bsGkMKhRYu
    [correo] => sechaparron@unal.edu.co
    [telefono] => 313270352
    [fecha_ingreso] => 2024-12-11 23:10:45
    [id_estado] => 1
)

[25-Feb-2025 21:57:42 Europe/Berlin] Clave ingresada: 23z%IOK&075Bb
[25-Feb-2025 21:57:42 Europe/Berlin] Clave en BD: $2y$10$RX.nllUL/ijnZu8zEUS1luMDnHTOQ4Wou4viR7ldhi5bsGkMKhRYu
[25-Feb-2025 21:57:42 Europe/Berlin] Resultado de password_verify: false
[25-Feb-2025 21:57:42 Europe/Berlin] Estado del usuario: 1
[25-Feb-2025 21:57:42 Europe/Berlin] Comparación de estado: true
[25-Feb-2025 21:57:42 Europe/Berlin] Hashed password: $2y$10$9cjkA.qBtbzgP9XHG6HOPOxdtrMzCQ4e5hewL5BkUfX38eo8ZBm5K

[25-Feb-2025 21:57:42 Europe/Berlin] Stored password: $2y$10$RX.nllUL/ijnZu8zEUS1luMDnHTOQ4Wou4viR7ldhi5bsGkMKhRYu

[25-Feb-2025 21:57:42 Europe/Berlin] Passwords match: false

[25-Feb-2025 21:57:43 Europe/Berlin] Credenciales incorrectas para el usuario: Serch
[25-Feb-2025 21:57:47 Europe/Berlin] Iniciando loginUser
[25-Feb-2025 21:57:47 Europe/Berlin] Usuario consultado: Array
(
    [id_tdoc] => 1
    [id_usuario] => 1031642393
    [nombre1] => Sergio
    [nombre2] => Esteban
    [apellido1] => Chaparro
    [apellido2] => Noguera
    [id_rol] => 3
    [usuario] => Serch
    [clave] => $2y$10$RX.nllUL/ijnZu8zEUS1luMDnHTOQ4Wou4viR7ldhi5bsGkMKhRYu
    [correo] => sechaparron@unal.edu.co
    [telefono] => 313270352
    [fecha_ingreso] => 2024-12-11 23:10:45
    [id_estado] => 1
)

[25-Feb-2025 21:57:47 Europe/Berlin] Clave ingresada: 23z%IOK&075B
[25-Feb-2025 21:57:47 Europe/Berlin] Clave en BD: $2y$10$RX.nllUL/ijnZu8zEUS1luMDnHTOQ4Wou4viR7ldhi5bsGkMKhRYu
[25-Feb-2025 21:57:47 Europe/Berlin] Resultado de password_verify: true
[25-Feb-2025 21:57:47 Europe/Berlin] Estado del usuario: 1
[25-Feb-2025 21:57:47 Europe/Berlin] Comparación de estado: true
[25-Feb-2025 21:57:47 Europe/Berlin] Hashed password: $2y$10$0RvFLW.7vWMtffZOwj1oD.lIVQPztLCjoM4QEg/szoD7gb4gNAPRy

[25-Feb-2025 21:57:47 Europe/Berlin] Stored password: $2y$10$RX.nllUL/ijnZu8zEUS1luMDnHTOQ4Wou4viR7ldhi5bsGkMKhRYu

[25-Feb-2025 21:57:47 Europe/Berlin] Passwords match: false

[25-Feb-2025 21:57:47 Europe/Berlin] Inicio de sesión exitoso para el usuario: Serch
[21-Apr-2025 22:26:53 Europe/Berlin] Iniciando loginUser
[21-Apr-2025 22:26:53 Europe/Berlin] Usuario o contraseña vacíos
[21-Apr-2025 22:34:27 Europe/Berlin] Iniciando loginUser
[21-Apr-2025 22:34:27 Europe/Berlin] Usuario o contraseña vacíos
[21-Apr-2025 22:41:53 Europe/Berlin] Iniciando loginUser
[21-Apr-2025 22:41:53 Europe/Berlin] Usuario o contraseña vacíos
[21-Apr-2025 22:42:51 Europe/Berlin] Iniciando loginUser
[21-Apr-2025 22:42:51 Europe/Berlin] Usuario o contraseña vacíos
[21-Apr-2025 22:42:55 Europe/Berlin] Iniciando loginUser
[21-Apr-2025 22:42:55 Europe/Berlin] Usuario o contraseña vacíos
[21-Apr-2025 22:42:58 Europe/Berlin] Iniciando loginUser
[21-Apr-2025 22:42:58 Europe/Berlin] PHP Warning:  Undefined variable $db_connection in C:\xampp\htdocs\Proyecto_UNAL\src\controllers\neg_dat_login.php on line 23
[21-Apr-2025 22:42:58 Europe/Berlin] PHP Fatal error:  Uncaught Error: Call to a member function prepare() on null in C:\xampp\htdocs\Proyecto_UNAL\src\controllers\neg_dat_login.php:23
Stack trace:
#0 C:\xampp\htdocs\Proyecto_UNAL\src\controllers\neg_dat_login.php(101): loginUser('fhfdgh', 'gjgh')
#1 {main}
  thrown in C:\xampp\htdocs\Proyecto_UNAL\src\controllers\neg_dat_login.php on line 23
[21-Apr-2025 22:50:54 Europe/Berlin] Iniciando loginUser
[21-Apr-2025 22:50:54 Europe/Berlin] Usuario consultado: Array
(
    [id_tdoc] => 1
    [id_usuario] => 1031642393
    [nombre1] => Sergio
    [nombre2] => Esteban
    [apellido1] => Chaparro
    [apellido2] => Noguera
    [id_rol] => 3
    [usuario] => Serch
    [clave] => $2y$10$S6mZqH8ie24Y70WgDEtGeuHo43ZC0ZQTfmNVCu62.DoZ2rg6SLEoi
    [correo] => sechaparron@unal.edu.co
    [telefono] => 313270352
    [fecha_ingreso] => 2024-09-01 23:10:45
    [id_estado] => 1
)

[21-Apr-2025 22:50:54 Europe/Berlin] Clave ingresada: nnVPVDORhjgG
[21-Apr-2025 22:50:54 Europe/Berlin] Clave en BD: $2y$10$S6mZqH8ie24Y70WgDEtGeuHo43ZC0ZQTfmNVCu62.DoZ2rg6SLEoi
[21-Apr-2025 22:50:54 Europe/Berlin] Resultado de password_verify: false
[21-Apr-2025 22:50:54 Europe/Berlin] Estado del usuario: 1
[21-Apr-2025 22:50:54 Europe/Berlin] Comparación de estado: true
[21-Apr-2025 22:50:54 Europe/Berlin] Hashed password: $2y$10$musYtFNSpBkSxMc.axuVb.4ZlHEoWs5JIw30J55/fRs.Ct0mGnLqW

[21-Apr-2025 22:50:54 Europe/Berlin] Stored password: $2y$10$S6mZqH8ie24Y70WgDEtGeuHo43ZC0ZQTfmNVCu62.DoZ2rg6SLEoi

[21-Apr-2025 22:50:54 Europe/Berlin] Passwords match: false

[21-Apr-2025 22:50:54 Europe/Berlin] Credenciales incorrectas para el usuario: Serch
[21-Apr-2025 22:53:00 Europe/Berlin] Iniciando loginUser
[21-Apr-2025 22:53:00 Europe/Berlin] Usuario consultado: Array
(
    [id_tdoc] => 1
    [id_usuario] => 1031642393
    [nombre1] => Sergio
    [nombre2] => Esteban
    [apellido1] => Chaparro
    [apellido2] => Noguera
    [id_rol] => 3
    [usuario] => Serch
    [clave] => $2y$10$S6mZqH8ie24Y70WgDEtGeuHo43ZC0ZQTfmNVCu62.DoZ2rg6SLEoi
    [correo] => sechaparron@unal.edu.co
    [telefono] => 313270352
    [fecha_ingreso] => 2024-09-01 23:10:45
    [id_estado] => 1
)

[21-Apr-2025 22:53:00 Europe/Berlin] Clave ingresada: 23z%IOK&075B
[21-Apr-2025 22:53:00 Europe/Berlin] Clave en BD: $2y$10$S6mZqH8ie24Y70WgDEtGeuHo43ZC0ZQTfmNVCu62.DoZ2rg6SLEoi
[21-Apr-2025 22:53:00 Europe/Berlin] Resultado de password_verify: false
[21-Apr-2025 22:53:00 Europe/Berlin] Estado del usuario: 1
[21-Apr-2025 22:53:00 Europe/Berlin] Comparación de estado: true
[21-Apr-2025 22:53:00 Europe/Berlin] Hashed password: $2y$10$Me4VjuSqRT.cFP6HZ7g8meapTAWKT1zubBZZAWIBJpMXmaGOTF/Bi

[21-Apr-2025 22:53:00 Europe/Berlin] Stored password: $2y$10$S6mZqH8ie24Y70WgDEtGeuHo43ZC0ZQTfmNVCu62.DoZ2rg6SLEoi

[21-Apr-2025 22:53:00 Europe/Berlin] Passwords match: false

[21-Apr-2025 22:53:00 Europe/Berlin] Credenciales incorrectas para el usuario: Serch
[21-Apr-2025 22:53:48 Europe/Berlin] Iniciando loginUser
[21-Apr-2025 22:53:48 Europe/Berlin] Usuario consultado: Array
(
    [id_tdoc] => 1
    [id_usuario] => 1031642393
    [nombre1] => Sergio
    [nombre2] => Esteban
    [apellido1] => Chaparro
    [apellido2] => Noguera
    [id_rol] => 3
    [usuario] => Serch
    [clave] => $2y$10$dnsjIZcGkAC5Ju/dmpFHSOWF9G9/A9.Jfb0pNii83s5HkKLCdrCTe
    [correo] => sechaparron@unal.edu.co
    [telefono] => 313270352
    [fecha_ingreso] => 2024-09-01 23:10:45
    [id_estado] => 1
)

[21-Apr-2025 22:53:48 Europe/Berlin] Clave ingresada: 4dMn^$G4Vwsc
[21-Apr-2025 22:53:48 Europe/Berlin] Clave en BD: $2y$10$dnsjIZcGkAC5Ju/dmpFHSOWF9G9/A9.Jfb0pNii83s5HkKLCdrCTe
[21-Apr-2025 22:53:48 Europe/Berlin] Resultado de password_verify: false
[21-Apr-2025 22:53:48 Europe/Berlin] Estado del usuario: 1
[21-Apr-2025 22:53:48 Europe/Berlin] Comparación de estado: true
[21-Apr-2025 22:53:48 Europe/Berlin] Hashed password: $2y$10$P4iXfALO50RZhpuPjhsK5eFYltOlmyFkm5MHBfilKYzF3u4efQ076

[21-Apr-2025 22:53:48 Europe/Berlin] Stored password: $2y$10$dnsjIZcGkAC5Ju/dmpFHSOWF9G9/A9.Jfb0pNii83s5HkKLCdrCTe

[21-Apr-2025 22:53:48 Europe/Berlin] Passwords match: false

[21-Apr-2025 22:53:48 Europe/Berlin] Credenciales incorrectas para el usuario: Serch
[21-Apr-2025 23:24:37 Europe/Berlin] Iniciando loginUser
[21-Apr-2025 23:24:38 Europe/Berlin] Usuario consultado: Array
(
    [id_tdoc] => 1
    [id_usuario] => 1031642393
    [nombre1] => Sergio
    [nombre2] => 
    [apellido1] => Chaparro
    [apellido2] => 
    [id_rol] => 2
    [usuario] => Serst
    [clave] => $2y$10$vcEhcRSfZG3TZMQ220r7m.vgDYOj56E7qAeSr9nYUFf7AOpWSCufK
    [correo] => sergioechaparro@gmail.com
    [telefono] => 2147483647
    [fecha_ingreso] => 2025-04-21 23:23:04
    [id_estado] => 1
)

[21-Apr-2025 23:24:38 Europe/Berlin] Clave ingresada: Serch240616
[21-Apr-2025 23:24:38 Europe/Berlin] Clave en BD: $2y$10$vcEhcRSfZG3TZMQ220r7m.vgDYOj56E7qAeSr9nYUFf7AOpWSCufK
[21-Apr-2025 23:24:38 Europe/Berlin] Resultado de password_verify: true
[21-Apr-2025 23:24:38 Europe/Berlin] Estado del usuario: 1
[21-Apr-2025 23:24:38 Europe/Berlin] Comparación de estado: true
[21-Apr-2025 23:24:38 Europe/Berlin] Hashed password: $2y$10$tz3UpA4gP67/T/fB.zCw0OaeHF19o8rUYMGm3kZV/jtaxUfnzI6Fq

[21-Apr-2025 23:24:38 Europe/Berlin] Stored password: $2y$10$vcEhcRSfZG3TZMQ220r7m.vgDYOj56E7qAeSr9nYUFf7AOpWSCufK

[21-Apr-2025 23:24:38 Europe/Berlin] Passwords match: false

[21-Apr-2025 23:24:38 Europe/Berlin] Inicio de sesión exitoso para el usuario: Serst
[21-Apr-2025 23:45:53 Europe/Berlin] Iniciando loginUser
[21-Apr-2025 23:45:53 Europe/Berlin] Usuario consultado: Array
(
    [id_tdoc] => 1
    [id_usuario] => 1031642393
    [nombre1] => Sergio
    [nombre2] => 
    [apellido1] => Chaparro
    [apellido2] => 
    [id_rol] => 2
    [usuario] => Serst
    [clave] => $2y$10$vcEhcRSfZG3TZMQ220r7m.vgDYOj56E7qAeSr9nYUFf7AOpWSCufK
    [correo] => sergioechaparro@gmail.com
    [telefono] => 2147483647
    [fecha_ingreso] => 2025-04-21 23:23:04
    [id_estado] => 1
)

[21-Apr-2025 23:45:53 Europe/Berlin] Clave ingresada: Serch240616
[21-Apr-2025 23:45:53 Europe/Berlin] Clave en BD: $2y$10$vcEhcRSfZG3TZMQ220r7m.vgDYOj56E7qAeSr9nYUFf7AOpWSCufK
[21-Apr-2025 23:45:53 Europe/Berlin] Resultado de password_verify: true
[21-Apr-2025 23:45:53 Europe/Berlin] Estado del usuario: 1
[21-Apr-2025 23:45:53 Europe/Berlin] Comparación de estado: true
[21-Apr-2025 23:45:53 Europe/Berlin] Hashed password: $2y$10$ZMiYjaghJ.ZTU6u0H85Nae/ySs9bLBzgpGP/qAAoT1wwaZLZzzhQy

[21-Apr-2025 23:45:53 Europe/Berlin] Stored password: $2y$10$vcEhcRSfZG3TZMQ220r7m.vgDYOj56E7qAeSr9nYUFf7AOpWSCufK

[21-Apr-2025 23:45:53 Europe/Berlin] Passwords match: false

[21-Apr-2025 23:45:53 Europe/Berlin] Inicio de sesión exitoso para el usuario: Serst
